version 2
JvmtiExport can_access_local_variables 0
JvmtiExport can_hotswap_or_post_breakpoint 0
JvmtiExport can_post_on_exceptions 0
# 272 ciObject found
instanceKlass java/lang/String
ciInstanceKlass jdk/internal/loader/URLClassPath$JarLoader 1 1 485 7 1 8 1 8 1 7 1 10 12 1 1 10 12 1 1 8 1 10 12 1 10 12 1 1 10 7 12 1 1 1 10 7 12 1 1 9 12 1 1 9 12 1 1 9 12 1 1 9 12 1 1 9 12 1 1 10 12 1 7 1 10 12 1 9 12 1 10 7 12 1 1 8 1 10 12 1 10 7 12 1 1 1 7 1 10 12 1 10 7 12 1 1 1 7 1 10 12 1 1 7 1 10 7 12 1 1 1 9 12 1 9 12 1 1 11 100 12 1 1 1 8 1 10 12 1 10 12 1 1 10 12 1 1 7 1 10 10 12 1 1 7 1 10 12 1 10 7 1 10 100 1 10 12 1 1 10 12 1 10 12 1 1 10 12 1 1 8 1 10 12 1 10 12 1 1 8 1 9 12 1 1 10 100 12 1 1 1 100 1 10 12 1 1 10 12 1 10 7 12 1 1 10 7 12 1 1 1 10 12 1 100 1 7 1 10 12 1 10 12 1 1 10 12 1 1 10 12 1 1 11 100 12 1 1 11 12 1 1 100 1 10 12 1 10 12 1 1 10 7 12 1 1 100 1 10 12 10 12 1 1 10 12 1 1 10 7 12 1 1 1 11 7 12 1 1 1 10 12 1 1 10 7 12 1 1 1 9 7 12 1 1 1 10 7 12 1 1 1 10 12 1 1 7 1 10 10 12 1 1 10 12 1 10 12 1 9 12 1 10 12 1 1 9 12 1 9 12 1 1 8 1 8 1 10 100 12 1 1 10 100 12 1 1 1 100 1 10 12 1 1 10 12 1 10 12 1 10 12 1 9 12 1 1 10 12 1 1 10 12 1 10 10 12 1 10 12 1 1 8 1 10 12 1 10 100 12 1 1 1 10 12 1 100 1 10 12 1 1 1 1 1 1 1 1 1 1 1 1 1 1 1 1 1 1 1 1 100 1 1 1 1 1 1 1 1 1 1 1 1 1 1 1 1 1 1 1 1 100 1 1 1 1 1 1 1 1 1 1 1 1 1 1 1 1 1 1 1 1 1 1 1 1 1 1 1 1 1 1 1 1 1 1 1 1 1 1 1 100 1 100 1 1 1
staticfield jdk/internal/loader/URLClassPath$JarLoader zipAccess Ljdk/internal/access/JavaUtilZipFileAccess; java/util/zip/ZipFile$1
instanceKlass com/sun/org/apache/xerces/internal/impl/XMLDocumentScannerImpl$DTDDriver
instanceKlass com/sun/org/apache/xerces/internal/impl/dtd/XMLContentSpec
instanceKlass com/sun/org/apache/xerces/internal/impl/dtd/models/ContentModelValidator
instanceKlass com/sun/org/apache/xerces/internal/impl/dtd/DTDGrammar
instanceKlass com/sun/org/apache/xerces/internal/impl/XMLEntityManager$EncodingInfo
instanceKlass org/languagetool/rules/patterns/RuleMatcher
instanceKlass  @bci org/languagetool/rules/AbstractUnitConversionRule <init> (Ljava/util/ResourceBundle;)V 978 <appendix> member <vmtarget> ; # org/languagetool/rules/AbstractUnitConversionRule$$Lambda+0x0000000100255c08
instanceKlass  @bci org/languagetool/rules/AbstractUnitConversionRule addUnit (Ljava/lang/String;Ljavax/measure/Unit;Ljava/lang/String;DZ)V 15 <appendix> form vmentry <vmtarget> ; # java/lang/invoke/LambdaForm$MH+0x0000000100251800
# instanceKlass java/lang/invoke/LambdaForm$MH+0x0000000100251400
instanceKlass  @bci org/languagetool/rules/AbstractUnitConversionRule addUnit (Ljava/lang/String;Ljavax/measure/Unit;Ljava/lang/String;DZ)V 15 <appendix> argL3 form vmentry <vmtarget> ; # java/lang/invoke/LambdaForm$MH+0x0000000100251000
# instanceKlass java/lang/invoke/LambdaForm$MH+0x0000000100250c00
# instanceKlass java/lang/invoke/LambdaForm$MH+0x0000000100250800
# instanceKlass java/lang/invoke/LambdaForm$MH+0x0000000100250400
instanceKlass javax/measure/quantity/Dimensionless
instanceKlass tech/units/indriya/AbstractSystemOfUnits$Helper
instanceKlass javax/measure/quantity/Volume
instanceKlass javax/measure/quantity/Area
instanceKlass javax/measure/quantity/Acceleration
instanceKlass javax/measure/quantity/Speed
instanceKlass javax/measure/quantity/CatalyticActivity
instanceKlass javax/measure/quantity/RadiationDoseEffective
instanceKlass javax/measure/quantity/RadiationDoseAbsorbed
instanceKlass javax/measure/quantity/Radioactivity
instanceKlass javax/measure/quantity/Illuminance
instanceKlass javax/measure/quantity/LuminousFlux
instanceKlass javax/measure/quantity/ElectricInductance
instanceKlass javax/measure/quantity/MagneticFluxDensity
instanceKlass javax/measure/quantity/MagneticFlux
instanceKlass javax/measure/quantity/ElectricConductance
instanceKlass javax/measure/quantity/ElectricResistance
instanceKlass javax/measure/quantity/ElectricCapacitance
instanceKlass javax/measure/quantity/ElectricPotential
instanceKlass javax/measure/quantity/ElectricCharge
instanceKlass javax/measure/quantity/Power
instanceKlass javax/measure/quantity/Energy
instanceKlass javax/measure/quantity/Pressure
instanceKlass javax/measure/quantity/Force
instanceKlass javax/measure/quantity/Frequency
instanceKlass tech/units/indriya/AbstractUnit$Equalizer
instanceKlass javax/measure/quantity/SolidAngle
instanceKlass javax/measure/quantity/Angle
instanceKlass tec/uom/lib/common/function/UnitConverterSupplier
instanceKlass tec/uom/lib/common/function/DoubleFactorSupplier
instanceKlass tech/units/indriya/internal/simplify/Simplifier
instanceKlass  @bci tech/units/indriya/AbstractConverter concatenate (Ljavax/measure/UnitConverter;)Ljavax/measure/UnitConverter; 26 <appendix> argL0 ; # tech/units/indriya/AbstractConverter$$Lambda+0x000000010024c270
instanceKlass  @cpi tech/units/indriya/AbstractConverter 153 form vmentry <vmtarget> ; # java/lang/invoke/LambdaForm$DMH+0x0000000100250000
instanceKlass  @bci tech/units/indriya/AbstractConverter concatenate (Ljavax/measure/UnitConverter;)Ljavax/measure/UnitConverter; 21 <appendix> argL0 ; # tech/units/indriya/AbstractConverter$$Lambda+0x000000010024c020
instanceKlass tech/units/indriya/AbstractConverter
instanceKlass java/util/function/DoubleSupplier
instanceKlass tec/uom/lib/common/function/ValueSupplier
instanceKlass javax/measure/quantity/Time
instanceKlass javax/measure/quantity/AmountOfSubstance
instanceKlass javax/measure/quantity/Length
instanceKlass javax/measure/quantity/Mass
instanceKlass javax/measure/quantity/Temperature
instanceKlass javax/measure/quantity/LuminousIntensity
instanceKlass javax/measure/quantity/ElectricCurrent
instanceKlass javax/measure/Quantity
instanceKlass tech/units/indriya/quantity/QuantityDimension
instanceKlass javax/measure/Dimension
instanceKlass tech/units/indriya/unit/ProductUnit$Element
instanceKlass javax/measure/UnitConverter
instanceKlass tech/units/indriya/AbstractUnit
instanceKlass tech/units/indriya/ComparableUnit
instanceKlass tech/units/indriya/AbstractSystemOfUnits
instanceKlass javax/measure/spi/SystemOfUnits
instanceKlass tec/uom/lib/common/function/Nameable
instanceKlass javax/measure/Unit
instanceKlass  @bci com/google/common/base/Suppliers$NonSerializableMemoizingSupplier <clinit> ()V 0 <appendix> argL0 ; # com/google/common/base/Suppliers$NonSerializableMemoizingSupplier$$Lambda+0x00000001002479e0
instanceKlass  @bci tech/units/indriya/AbstractConverter concatenate (Ljavax/measure/UnitConverter;)Ljavax/measure/UnitConverter; 21 <bsm> form vmentry <vmtarget> ; # java/lang/invoke/LambdaForm$DMH+0x0000000100241800
instanceKlass java/lang/invoke/MethodHandle$1
instanceKlass com/google/common/base/Suppliers$MemoizingSupplier
instanceKlass com/google/common/base/Suppliers$NonSerializableMemoizingSupplier
instanceKlass  @bci org/languagetool/rules/Rule cacheAntiPatterns (Lorg/languagetool/Language;Ljava/util/List;)Ljava/util/function/Supplier; 2 <appendix> member <vmtarget> ; # org/languagetool/rules/Rule$$Lambda+0x0000000100247310
instanceKlass org/languagetool/rules/SynonymsData
instanceKlass org/languagetool/tools/InterruptibleCharSequence
instanceKlass  @bci java/util/stream/StreamSpliterators$WrappingSpliterator forEachRemaining (Ljava/util/function/Consumer;)V 33 <appendix> member <vmtarget> ; # java/util/stream/StreamSpliterators$WrappingSpliterator$$Lambda+0x00000001001dd7c0
instanceKlass java/util/stream/StreamSpliterators
instanceKlass  @cpi java/util/stream/StreamSpliterators$WrappingSpliterator 151 form vmentry <vmtarget> ; # java/lang/invoke/LambdaForm$DMH+0x0000000100241400
instanceKlass java/util/stream/StreamSpliterators$AbstractWrappingSpliterator
instanceKlass  @bci java/util/stream/AbstractPipeline spliterator ()Ljava/util/Spliterator; 103 <appendix> member <vmtarget> ; # java/util/stream/AbstractPipeline$$Lambda+0x00000001001dce60
instanceKlass  @bci org/languagetool/rules/WordCoherencyDataLoader loadWords (Ljava/lang/String;)Ljava/util/Map; 231 <appendix> argL0 ; # org/languagetool/rules/WordCoherencyDataLoader$$Lambda+0x00000001002448b8
instanceKlass  @bci it/unimi/dsi/fastutil/objects/ObjectOpenHashSet <clinit> ()V 10 <appendix> argL0 ; # it/unimi/dsi/fastutil/objects/ObjectOpenHashSet$$Lambda+0x0000000100244670
instanceKlass  @bci it/unimi/dsi/fastutil/objects/ObjectOpenHashSet <clinit> ()V 5 <appendix> argL0 ; # it/unimi/dsi/fastutil/objects/ObjectOpenHashSet$$Lambda+0x0000000100244440
instanceKlass  @cpi tech/units/indriya/AbstractConverter 149 form vmentry <vmtarget> ; # java/lang/invoke/LambdaForm$DMH+0x0000000100241000
instanceKlass  @bci it/unimi/dsi/fastutil/objects/ObjectOpenHashSet <clinit> ()V 0 <appendix> argL0 ; # it/unimi/dsi/fastutil/objects/ObjectOpenHashSet$$Lambda+0x0000000100244220
instanceKlass  @bci java/util/stream/Collectors toCollection (Ljava/util/function/Supplier;)Ljava/util/stream/Collector; 10 <appendix> argL0 ; # java/util/stream/Collectors$$Lambda+0x00000001001dc878
instanceKlass  @bci java/util/stream/Collectors toCollection (Ljava/util/function/Supplier;)Ljava/util/stream/Collector; 5 <appendix> argL0 ; # java/util/stream/Collectors$$Lambda+0x00000001001dc648
instanceKlass  @bci org/languagetool/rules/WordCoherencyDataLoader loadWords (Ljava/lang/String;)Ljava/util/Map; 158 <appendix> argL0 ; # org/languagetool/rules/WordCoherencyDataLoader$$Lambda+0x0000000100244000
instanceKlass it/unimi/dsi/fastutil/objects/ObjectSpliterator
instanceKlass it/unimi/dsi/fastutil/objects/ObjectIterator
instanceKlass org/languagetool/rules/WordCoherencyDataLoader
instanceKlass  @bci org/languagetool/rules/WrongWordInContextRule$ContextWords addBoundaries (Ljava/lang/String;)Ljava/lang/String; 23 <appendix> argL2 form vmentry <vmtarget> ; # java/lang/invoke/LambdaForm$MH+0x0000000100240c00
instanceKlass org/languagetool/rules/WrongWordInContextRule$ContextWords
instanceKlass org/languagetool/rules/SimpleReplaceDataLoader
instanceKlass com/google/common/collect/CollectPreconditions
instanceKlass java/util/OptionalInt
instanceKlass java/util/stream/ReduceOps$6ReducingSink
instanceKlass  @bci java/util/stream/IntPipeline min ()Ljava/util/OptionalInt; 1 <appendix> argL0 ; # java/util/stream/IntPipeline$$Lambda+0x00000001001dba28
instanceKlass  @bci org/languagetool/rules/patterns/AbstractTokenBasedRule lambda$new$1 (Lorg/languagetool/rules/patterns/AbstractTokenBasedRule$TokenHint;)Ljava/lang/Integer; 7 <appendix> argL0 ; # org/languagetool/rules/patterns/AbstractTokenBasedRule$$Lambda+0x000000010023c700
instanceKlass java/util/stream/Nodes$ArrayNode
instanceKlass  @bci org/languagetool/rules/patterns/AbstractTokenBasedRule <init> (Ljava/lang/String;Ljava/lang/String;Lorg/languagetool/Language;Ljava/util/List;Z)V 254 <appendix> argL0 ; # org/languagetool/rules/patterns/AbstractTokenBasedRule$$Lambda+0x000000010023c4e0
instanceKlass java/util/stream/SortedOps
instanceKlass  @bci java/util/Comparator thenComparing (Ljava/util/Comparator;)Ljava/util/Comparator; 7 <appendix> member <vmtarget> ; # java/util/Comparator$$Lambda+0x00000001001da4f0
instanceKlass  @cpi java/util/Comparator 251 form vmentry <vmtarget> ; # java/lang/invoke/LambdaForm$DMH+0x0000000100240800
instanceKlass  @bci org/languagetool/rules/patterns/AbstractTokenBasedRule <init> (Ljava/lang/String;Ljava/lang/String;Lorg/languagetool/Language;Ljava/util/List;Z)V 239 <appendix> argL0 ; # org/languagetool/rules/patterns/AbstractTokenBasedRule$$Lambda+0x000000010023c0a8
instanceKlass  @bci java/util/Comparator comparing (Ljava/util/function/Function;)Ljava/util/Comparator; 6 <appendix> member <vmtarget> ; # java/util/Comparator$$Lambda+0x00000001001da250
instanceKlass  @bci java/lang/invoke/BootstrapMethodInvoker invoke (Ljava/lang/Class;Ljava/lang/invoke/MethodHandle;Ljava/lang/String;Ljava/lang/Object;Ljava/lang/Object;Ljava/lang/Class;)Ljava/lang/Object; 462 <adapter> ; # java/lang/invoke/LambdaForm$MH+0x0000000100240400
instanceKlass  @cpi java/util/Comparator 259 form vmentry <vmtarget> ; # java/lang/invoke/LambdaForm$DMH+0x0000000100240000
instanceKlass  @bci org/languagetool/rules/patterns/AbstractTokenBasedRule <init> (Ljava/lang/String;Ljava/lang/String;Lorg/languagetool/Language;Ljava/util/List;Z)V 231 <appendix> argL0 ; # org/languagetool/rules/patterns/AbstractTokenBasedRule$$Lambda+0x000000010023be68
instanceKlass java/util/Collections$2
instanceKlass  @bci org/languagetool/rules/patterns/AbstractTokenBasedRule$TokenHint <init> (ZLjava/util/Set;I)V 36 <appendix> argL0 ; # org/languagetool/rules/patterns/AbstractTokenBasedRule$TokenHint$$Lambda+0x000000010023bc48
instanceKlass java/util/stream/DistinctOps
instanceKlass  @bci org/languagetool/rules/patterns/AbstractTokenBasedRule$TokenHint <init> (ZLjava/util/Set;I)V 21 <appendix> argL0 ; # org/languagetool/rules/patterns/AbstractTokenBasedRule$TokenHint$$Lambda+0x000000010023ba08
instanceKlass org/languagetool/rules/patterns/AbstractTokenBasedRule$TokenHint
instanceKlass com/google/common/base/Converter
instanceKlass com/google/common/collect/ImmutableMap
instanceKlass com/google/common/collect/BiMap
instanceKlass com/google/common/collect/Maps$EntryTransformer
instanceKlass com/google/common/collect/UnmodifiableIterator
instanceKlass com/google/common/collect/SortedMapDifference
instanceKlass com/google/common/collect/MapDifference
instanceKlass com/google/common/collect/Maps
instanceKlass com/google/common/collect/Sets
instanceKlass java/util/stream/ReduceOps$5ReducingSink
instanceKlass java/util/stream/Sink$OfInt
instanceKlass java/util/function/IntConsumer
instanceKlass  @bci java/util/stream/IntPipeline sum ()I 2 <appendix> argL0 ; # java/util/stream/IntPipeline$$Lambda+0x00000001001d8200
instanceKlass java/util/function/IntBinaryOperator
instanceKlass java/util/stream/IntStream
instanceKlass  @bci org/languagetool/rules/patterns/Substrings <init> (ZZ[Ljava/lang/String;)V 8 <appendix> argL0 ; # org/languagetool/rules/patterns/Substrings$$Lambda+0x0000000100236148
instanceKlass java/util/function/ToIntFunction
instanceKlass org/languagetool/rules/patterns/Substrings
instanceKlass  @bci org/languagetool/rules/patterns/StringMatcher$6 lambda$handleConcatenation$1 (Ljava/util/List;Ljava/lang/String;)Ljava/util/stream/Stream; 7 <appendix> member <vmtarget> ; # org/languagetool/rules/patterns/StringMatcher$6$$Lambda+0x0000000100235a70
instanceKlass java/util/stream/ForEachOps$ForEachOp
instanceKlass java/util/stream/ForEachOps
instanceKlass  @bci org/languagetool/rules/patterns/StringMatcher$6 handleConcatenation (Ljava/util/stream/Stream;Ljava/util/stream/Stream;)Ljava/util/stream/Stream; 15 <appendix> member <vmtarget> ; # org/languagetool/rules/patterns/StringMatcher$6$$Lambda+0x0000000100235828
instanceKlass java/util/stream/Streams$2
instanceKlass java/util/stream/Streams$ConcatSpliterator
instanceKlass org/languagetool/rules/patterns/PatternToken$PosToken
instanceKlass com/google/common/collect/MapMakerInternalMap$StrongValueEntry
instanceKlass com/google/common/collect/MapMakerInternalMap$WeakKeyDummyValueEntry$Helper
instanceKlass com/google/common/collect/MapMakerInternalMap$InternalEntry
instanceKlass com/google/common/collect/MapMakerInternalMap$1
instanceKlass com/google/common/collect/MapMakerInternalMap$InternalEntryHelper
instanceKlass com/google/common/collect/MapMakerInternalMap$WeakValueReference
instanceKlass com/google/common/collect/Interners$InternerImpl
instanceKlass com/google/common/collect/MapMaker
instanceKlass com/google/common/collect/Interner
instanceKlass com/google/common/collect/Interners$InternerBuilder
instanceKlass com/google/common/collect/Interners
instanceKlass  @bci org/languagetool/rules/patterns/StringMatcher create (Ljava/lang/String;ZZ)Lorg/languagetool/rules/patterns/StringMatcher; 53 <appendix> argL0 ; # org/languagetool/rules/patterns/StringMatcher$$Lambda+0x0000000100231880
instanceKlass org/languagetool/tools/StringInterner
instanceKlass  @bci java/util/function/Function identity ()Ljava/util/function/Function; 0 <appendix> argL0 ; # java/util/function/Function$$Lambda+0x00000001001d6098
instanceKlass  @bci java/util/stream/Collectors toList ()Ljava/util/stream/Collector; 14 <appendix> argL0 ; # java/util/stream/Collectors$$Lambda+0x00000001001d5e50
instanceKlass  @bci java/util/stream/Collectors toList ()Ljava/util/stream/Collector; 9 <appendix> argL0 ; # java/util/stream/Collectors$$Lambda+0x00000001001d5c20
instanceKlass  @bci java/util/stream/Collectors toList ()Ljava/util/stream/Collector; 4 <appendix> argL0 ; # java/util/stream/Collectors$$Lambda+0x00000001001d5a00
instanceKlass  @bci org/languagetool/rules/patterns/StringMatcher$RegexpParser squareBracketGroup ()Ljava/lang/Object; 268 <appendix> member <vmtarget> ; # org/languagetool/rules/patterns/StringMatcher$RegexpParser$$Lambda+0x0000000100231430
instanceKlass org/languagetool/rules/patterns/StringMatcher$RegexpParser
instanceKlass org/languagetool/rules/patterns/StringMatcher
instanceKlass org/languagetool/rules/patterns/PatternTokenBuilder
instanceKlass org/languagetool/rules/patterns/PatternRuleBuilderHelper
instanceKlass org/languagetool/rules/patterns/PatternToken
instanceKlass  @bci java/util/regex/CharPredicates ctype (I)Ljava/util/regex/Pattern$CharPredicate; 1 <appendix> member <vmtarget> ; # java/util/regex/CharPredicates$$Lambda+0x00000001001d5380
instanceKlass com/google/common/cache/LocalCache$StrongValueReference
instanceKlass com/google/common/util/concurrent/AbstractFuture$Failure
instanceKlass com/google/common/util/concurrent/AbstractFuture$Cancellation
instanceKlass com/google/common/util/concurrent/AbstractFuture$SetFuture
instanceKlass com/google/common/util/concurrent/Uninterruptibles
instanceKlass com/google/common/base/Stopwatch
instanceKlass com/google/common/util/concurrent/AbstractFuture$Waiter
instanceKlass com/google/common/util/concurrent/AbstractFuture$Listener
instanceKlass com/google/common/util/concurrent/AbstractFuture$UnsafeAtomicHelper$1
instanceKlass com/google/common/util/concurrent/LazyLogger
instanceKlass com/google/common/util/concurrent/AbstractFuture$AtomicHelper
instanceKlass com/google/common/util/concurrent/internal/InternalFutureFailureAccess
instanceKlass com/google/common/util/concurrent/AbstractFuture$Trusted
instanceKlass com/google/common/util/concurrent/ListenableFuture
instanceKlass it/unimi/dsi/fastutil/HashCommon
instanceKlass it/unimi/dsi/fastutil/objects/Object2ObjectMap$FastEntrySet
instanceKlass it/unimi/dsi/fastutil/objects/ObjectSet
instanceKlass it/unimi/dsi/fastutil/objects/ObjectCollection
instanceKlass it/unimi/dsi/fastutil/objects/ObjectIterable
instanceKlass it/unimi/dsi/fastutil/objects/AbstractObject2ObjectFunction
instanceKlass it/unimi/dsi/fastutil/objects/Object2ObjectMap
instanceKlass it/unimi/dsi/fastutil/objects/Object2ObjectFunction
instanceKlass it/unimi/dsi/fastutil/Function
instanceKlass it/unimi/dsi/fastutil/Hash
instanceKlass  @bci org/languagetool/rules/AbstractSpecificCaseRule loadPhrases ()V 8 <appendix> member <vmtarget> ; # org/languagetool/rules/AbstractSpecificCaseRule$$Lambda+0x0000000100221000
instanceKlass org/languagetool/rules/spelling/CachingWordListLoader
instanceKlass java/net/spi/URLStreamHandlerProvider
instanceKlass java/net/URL$1
instanceKlass java/net/URL$2
instanceKlass java/net/URL$ThreadTrackHolder
instanceKlass java/net/Authenticator
instanceKlass org/languagetool/tools/Tools
instanceKlass org/languagetool/rules/Categories
instanceKlass org/languagetool/rules/ExampleSentence
instanceKlass org/languagetool/rules/Example
instanceKlass org/languagetool/rules/CategoryId
instanceKlass org/languagetool/rules/CategoryIds
instanceKlass org/languagetool/rules/Category
instanceKlass java/util/ResourceBundle$Control$2
instanceKlass java/util/stream/AbstractSpinedBuffer
instanceKlass java/util/stream/Node$Builder
instanceKlass java/util/stream/Node$OfDouble
instanceKlass java/util/stream/Node$OfLong
instanceKlass java/util/stream/Node$OfInt
instanceKlass java/util/stream/Node$OfPrimitive
instanceKlass java/util/stream/Nodes$EmptyNode
instanceKlass java/util/stream/Node
instanceKlass java/util/stream/Nodes
instanceKlass  @bci java/util/stream/ReferencePipeline toArray ()[Ljava/lang/Object; 1 <appendix> argL0 ; # java/util/stream/ReferencePipeline$$Lambda+0x00000001001d1030
instanceKlass java/util/function/IntFunction
instanceKlass java/util/ImmutableCollections$Access$1
instanceKlass jdk/internal/access/JavaUtilCollectionAccess
instanceKlass java/util/ImmutableCollections$Access
instanceKlass  @bci java/util/ResourceBundle$ResourceBundleControlProviderHolder lambda$static$0 ()Ljava/util/List; 11 <appendix> argL0 ; # java/util/ResourceBundle$ResourceBundleControlProviderHolder$$Lambda+0x00000001001d05b0
instanceKlass java/util/ServiceLoader$ProviderSpliterator
instanceKlass java/util/spi/ResourceBundleControlProvider
instanceKlass  @bci java/util/ResourceBundle$ResourceBundleControlProviderHolder <clinit> ()V 0 <appendix> argL0 ; # java/util/ResourceBundle$ResourceBundleControlProviderHolder$$Lambda+0x00000001001cfef0
instanceKlass java/util/ResourceBundle$ResourceBundleControlProviderHolder
instanceKlass org/languagetool/ResourceBundleTools
instanceKlass  @bci org/languagetool/JLanguageTool <init> (Lorg/languagetool/Language;Ljava/util/List;Lorg/languagetool/Language;Lorg/languagetool/ResultCache;Lorg/languagetool/GlobalConfig;Lorg/languagetool/UserConfig;ZZ)V 137 <appendix> argL0 ; # org/languagetool/JLanguageTool$$Lambda+0x000000010021ee50
instanceKlass  @bci org/languagetool/UserConfig removeAllButMainLanguagesAndSort (Ljava/util/List;)Ljava/lang/String; 20 <appendix> argL0 ; # org/languagetool/UserConfig$$Lambda+0x000000010021ec00
instanceKlass kotlin/collections/EmptyIterator
instanceKlass kotlin/collections/EmptyList
instanceKlass kotlin/collections/CollectionsKt__CollectionsJVMKt
instanceKlass org/languagetool/UserConfig
instanceKlass java/util/HashMap$HashMapSpliterator
instanceKlass java/util/stream/ReduceOps$Box
instanceKlass java/util/stream/ReduceOps$AccumulatingSink
instanceKlass java/util/stream/ReduceOps$ReduceOp
instanceKlass java/util/stream/ReduceOps
instanceKlass  @bci java/util/stream/Collectors castingIdentity ()Ljava/util/function/Function; 0 <appendix> argL0 ; # java/util/stream/Collectors$$Lambda+0x00000001001ce7f8
instanceKlass  @bci java/util/stream/Collectors toSet ()Ljava/util/stream/Collector; 14 <appendix> argL0 ; # java/util/stream/Collectors$$Lambda+0x00000001001ce5b0
instanceKlass java/util/function/BinaryOperator
instanceKlass  @bci java/util/stream/Collectors toSet ()Ljava/util/stream/Collector; 9 <appendix> argL0 ; # java/util/stream/Collectors$$Lambda+0x00000001001ce180
instanceKlass  @bci java/util/stream/Collectors toSet ()Ljava/util/stream/Collector; 4 <appendix> argL0 ; # java/util/stream/Collectors$$Lambda+0x00000001001cdf60
instanceKlass java/util/stream/Collector
instanceKlass java/util/stream/Collectors
instanceKlass  @bci org/languagetool/tools/StringTools collectAllTitleCaseExceptions ()Ljava/util/Set; 51 <appendix> argL0 ; # org/languagetool/tools/StringTools$$Lambda+0x000000010021c8e0
instanceKlass  @cpi java/util/ResourceBundle$ResourceBundleControlProviderHolder 125 form vmentry <vmtarget> ; # java/lang/invoke/LambdaForm$DMH+0x0000000100220000
instanceKlass java/util/Spliterators$ArraySpliterator
instanceKlass  @bci java/util/regex/CharPredicates DIGIT ()Ljava/util/regex/Pattern$CharPredicate; 0 <appendix> argL0 ; # java/util/regex/CharPredicates$$Lambda+0x00000001001cbe08
instanceKlass  @bci java/util/regex/CharPredicates ALPHABETIC ()Ljava/util/regex/Pattern$CharPredicate; 0 <appendix> argL0 ; # java/util/regex/CharPredicates$$Lambda+0x00000001001cbba8
instanceKlass  @bci java/util/regex/CharPredicates WHITE_SPACE ()Ljava/util/regex/Pattern$CharPredicate; 0 <appendix> argL0 ; # java/util/regex/CharPredicates$$Lambda+0x00000001001cb948
instanceKlass  @bci java/util/regex/CharPredicates PUNCTUATION ()Ljava/util/regex/Pattern$CharPredicate; 0 <appendix> argL0 ; # java/util/regex/CharPredicates$$Lambda+0x00000001001cb6e8
instanceKlass org/apache/commons/lang3/ArrayFill
instanceKlass  @bci java/util/regex/CharPredicates forUnicodeBlock (Ljava/lang/String;)Ljava/util/regex/Pattern$CharPredicate; 6 <appendix> member <vmtarget> ; # java/util/regex/CharPredicates$$Lambda+0x00000001001cb480
instanceKlass java/lang/Character$Subset
instanceKlass org/apache/commons/lang3/StringUtils
instanceKlass org/languagetool/tools/StringTools
instanceKlass  @bci java/util/regex/Pattern SingleU (I)Ljava/util/regex/Pattern$CharPredicate; 1 <appendix> member <vmtarget> ; # java/util/regex/Pattern$$Lambda+0x00000001001caa10
instanceKlass org/languagetool/rules/spelling/multitoken/MultitokenSpeller
instanceKlass java/util/concurrent/atomic/AtomicBoolean
instanceKlass org/languagetool/rules/Rule
instanceKlass org/languagetool/synthesis/Synthesizer
instanceKlass org/languagetool/languagemodel/LanguageModel
instanceKlass org/languagetool/Premium
instanceKlass java/util/regex/Matcher$ImmutableMatchResult
instanceKlass java/text/DigitList
instanceKlass java/text/FieldPosition
instanceKlass  @bci sun/util/locale/provider/JRELocaleProviderAdapter getDecimalFormatSymbolsProvider ()Ljava/text/spi/DecimalFormatSymbolsProvider; 8 <appendix> member <vmtarget> ; # sun/util/locale/provider/JRELocaleProviderAdapter$$Lambda+0x00000001001c80f0
instanceKlass java/text/DecimalFormatSymbols
instanceKlass sun/util/resources/Bundles$2
instanceKlass sun/util/resources/Bundles$CacheKeyReference
instanceKlass  @bci java/util/ResourceBundle$ResourceBundleProviderHelper newResourceBundle (Ljava/lang/Class;)Ljava/util/ResourceBundle; 22 <appendix> member <vmtarget> ; # java/util/ResourceBundle$ResourceBundleProviderHelper$$Lambda+0x00000001001c7050
instanceKlass  @bci sun/util/cldr/CLDRLocaleProviderAdapter applyAliases (Ljava/util/Locale;)Ljava/util/Locale; 4 <appendix> argL0 ; # sun/util/cldr/CLDRLocaleProviderAdapter$$Lambda+0x00000001001c64d0
instanceKlass sun/util/resources/LocaleData$LocaleDataResourceBundleProvider
instanceKlass java/util/spi/ResourceBundleProvider
instanceKlass sun/util/resources/Bundles$CacheKey
instanceKlass sun/util/resources/Bundles
instanceKlass sun/util/resources/LocaleData$LocaleDataStrategy
instanceKlass sun/util/resources/Bundles$Strategy
instanceKlass sun/util/resources/LocaleData$1
instanceKlass sun/util/resources/LocaleData
instanceKlass sun/util/locale/provider/LocaleResources
instanceKlass java/util/Locale$Builder
instanceKlass sun/util/locale/provider/CalendarDataUtility
instanceKlass sun/util/locale/provider/AvailableLanguageTags
instanceKlass  @bci sun/util/locale/provider/JRELocaleProviderAdapter getNumberFormatProvider ()Ljava/text/spi/NumberFormatProvider; 8 <appendix> member <vmtarget> ; # sun/util/locale/provider/JRELocaleProviderAdapter$$Lambda+0x00000001001c4190
instanceKlass sun/util/resources/cldr/provider/CLDRLocaleDataMetaInfo
instanceKlass  @bci sun/util/cldr/CLDRLocaleProviderAdapter <init> ()V 4 <appendix> argL0 ; # sun/util/cldr/CLDRLocaleProviderAdapter$$Lambda+0x00000001001c3f70
instanceKlass sun/util/locale/InternalLocaleBuilder$CaseInsensitiveChar
instanceKlass sun/util/locale/InternalLocaleBuilder
instanceKlass sun/util/locale/StringTokenIterator
instanceKlass sun/util/locale/ParseStatus
instanceKlass sun/util/locale/LanguageTag
instanceKlass sun/util/cldr/CLDRBaseLocaleDataMetaInfo
instanceKlass sun/util/locale/provider/LocaleDataMetaInfo
instanceKlass sun/util/locale/provider/ResourceBundleBasedAdapter
instanceKlass sun/util/locale/provider/LocaleProviderAdapter
instanceKlass java/util/spi/LocaleServiceProvider
instanceKlass java/text/Format
instanceKlass java/util/Scanner$PatternLRUCache
instanceKlass  @bci java/util/regex/Pattern and (Ljava/util/regex/Pattern$CharPredicate;Ljava/util/regex/Pattern$CharPredicate;Z)Ljava/util/regex/Pattern$CharPredicate; 14 <appendix> member <vmtarget> ; # java/util/regex/Pattern$$Lambda+0x00000001001c1360
instanceKlass  @bci java/util/regex/CharPredicates forProperty (Ljava/lang/String;Z)Ljava/util/regex/Pattern$CharPredicate; 2625 <appendix> argL0 ; # java/util/regex/CharPredicates$$Lambda+0x00000001001c1100
instanceKlass  @bci java/util/regex/Pattern ALL ()Ljava/util/regex/Pattern$CharPredicate; 0 <appendix> argL0 ; # java/util/regex/Pattern$$Lambda+0x00000001001c0ea0
instanceKlass  @bci java/util/regex/CharPredicates forProperty (Ljava/lang/String;Z)Ljava/util/regex/Pattern$CharPredicate; 2705 <appendix> argL0 ; # java/util/regex/CharPredicates$$Lambda+0x00000001001c0c40
instanceKlass java/util/Scanner
instanceKlass org/languagetool/tools/MultiKeyProperties
instanceKlass  @bci java/util/regex/Pattern union (Ljava/util/regex/Pattern$CharPredicate;Ljava/util/regex/Pattern$CharPredicate;Z)Ljava/util/regex/Pattern$CharPredicate; 14 <appendix> member <vmtarget> ; # java/util/regex/Pattern$$Lambda+0x00000001001c0760
instanceKlass  @bci java/util/regex/CharPredicates category (I)Ljava/util/regex/Pattern$CharPredicate; 1 <appendix> member <vmtarget> ; # java/util/regex/CharPredicates$$Lambda+0x00000001001c0500
instanceKlass org/languagetool/tokenizers/WordTokenizer
instanceKlass net/loomchild/segment/srx/LanguageMap
instanceKlass net/loomchild/segment/srx/Rule
instanceKlass net/loomchild/segment/srx/LanguageRule
instanceKlass com/sun/org/apache/xerces/internal/impl/xs/AttributePSVImpl
instanceKlass com/sun/org/apache/xerces/internal/xs/AttributePSVI
instanceKlass com/sun/org/apache/xerces/internal/impl/Constants$ArrayEnumeration
instanceKlass com/sun/org/apache/xerces/internal/impl/Constants
instanceKlass com/sun/org/apache/xerces/internal/parsers/AbstractSAXParser$LocatorProxy
instanceKlass org/xml/sax/ext/Locator2
instanceKlass org/xml/sax/Locator
instanceKlass com/sun/org/apache/xerces/internal/util/EntityResolverWrapper
instanceKlass org/xml/sax/ext/EntityResolver2
instanceKlass org/xml/sax/InputSource
instanceKlass net/loomchild/segment/srx/SrxDocumentCache
instanceKlass net/loomchild/segment/srx/SrxDocument
instanceKlass com/sun/org/apache/xerces/internal/jaxp/SchemaValidatorConfiguration
instanceKlass com/sun/org/apache/xerces/internal/jaxp/UnparsedEntityHandler
instanceKlass com/sun/org/apache/xerces/internal/impl/validation/EntityState
instanceKlass com/sun/org/apache/xerces/internal/impl/xs/XMLSchemaValidator$LocalIDKey
instanceKlass com/sun/org/apache/xerces/internal/impl/xs/XMLSchemaValidator$ValueStoreCache
instanceKlass com/sun/org/apache/xerces/internal/impl/xs/identity/XPathMatcher
instanceKlass com/sun/org/apache/xerces/internal/impl/xs/XMLSchemaValidator$XPathMatcherStack
instanceKlass com/sun/org/apache/xerces/internal/impl/xs/XSNotationDecl
instanceKlass com/sun/org/apache/xerces/internal/xs/XSNotationDeclaration
instanceKlass com/sun/org/apache/xerces/internal/impl/xs/XMLSchemaValidator$XSIErrorReporter
instanceKlass com/sun/org/apache/xerces/internal/impl/xs/ElementPSVImpl
instanceKlass com/sun/org/apache/xerces/internal/xs/ElementPSVI
instanceKlass com/sun/org/apache/xerces/internal/xs/ItemPSVI
instanceKlass com/sun/org/apache/xerces/internal/impl/xs/XMLSchemaValidator
instanceKlass com/sun/org/apache/xerces/internal/impl/xs/identity/FieldActivator
instanceKlass com/sun/org/apache/xerces/internal/parsers/AbstractSAXParser$AttributesProxy
instanceKlass org/xml/sax/ext/Attributes2
instanceKlass org/xml/sax/Attributes
instanceKlass org/xml/sax/AttributeList
instanceKlass com/sun/org/apache/xerces/internal/impl/dtd/DTDGrammarBucket
instanceKlass com/sun/org/apache/xerces/internal/impl/dtd/XMLAttributeDecl
instanceKlass com/sun/org/apache/xerces/internal/impl/dtd/XMLSimpleType
instanceKlass com/sun/org/apache/xerces/internal/impl/dtd/XMLElementDecl
instanceKlass com/sun/org/apache/xerces/internal/impl/dtd/XMLDTDValidator
instanceKlass com/sun/org/apache/xerces/internal/impl/RevalidationHandler
instanceKlass com/sun/org/apache/xerces/internal/impl/dtd/XMLDTDValidatorFilter
instanceKlass com/sun/org/apache/xerces/internal/xni/parser/XMLDocumentFilter
instanceKlass com/sun/org/apache/xerces/internal/impl/dtd/XMLEntityDecl
instanceKlass com/sun/org/apache/xerces/internal/impl/dtd/XMLDTDProcessor
instanceKlass com/sun/org/apache/xerces/internal/xni/parser/XMLDTDContentModelFilter
instanceKlass com/sun/org/apache/xerces/internal/xni/parser/XMLDTDFilter
instanceKlass com/sun/org/apache/xerces/internal/parsers/XML11Configurable
instanceKlass com/sun/org/apache/xerces/internal/parsers/XMLParser
instanceKlass org/xml/sax/XMLReader
instanceKlass org/xml/sax/Parser
instanceKlass javax/xml/parsers/SAXParser
instanceKlass com/sun/org/apache/xerces/internal/xs/PSVIProvider
instanceKlass com/sun/org/apache/xerces/internal/jaxp/JAXPConstants
instanceKlass javax/xml/validation/Schema
instanceKlass com/sun/org/apache/xerces/internal/jaxp/validation/XSGrammarPoolContainer
instanceKlass com/sun/org/apache/xerces/internal/impl/xs/models/XSDFACM$Occurence
instanceKlass com/sun/org/apache/xerces/internal/impl/dtd/models/CMStateSet
instanceKlass com/sun/org/apache/xerces/internal/impl/xs/models/XSDFACM
instanceKlass com/sun/org/apache/xerces/internal/impl/dtd/models/CMNode
instanceKlass com/sun/org/apache/xerces/internal/impl/dv/xs/XSSimpleTypeDecl$ValidationContextImpl
instanceKlass com/sun/org/apache/xerces/internal/impl/xs/traversers/XSDAbstractTraverser$FacetInfo
instanceKlass com/sun/org/apache/xerces/internal/xs/datatypes/XSQName
instanceKlass com/sun/org/apache/xerces/internal/impl/xs/XSConstraints$1
instanceKlass com/sun/org/apache/xerces/internal/impl/xs/XSConstraints
instanceKlass com/sun/org/apache/xerces/internal/impl/xs/util/XSObjectListImpl$EmptyIterator
instanceKlass com/sun/org/apache/xerces/internal/xs/XSObjectList
instanceKlass com/sun/org/apache/xerces/internal/impl/xs/XSAnnotationImpl
instanceKlass com/sun/org/apache/xerces/internal/xs/XSAnnotation
instanceKlass  @bci javax/xml/catalog/CatalogFeatures setProperties (Ljavax/xml/catalog/CatalogFeatures$Builder;)V 5 <appendix> member <vmtarget> ; # javax/xml/catalog/CatalogFeatures$$Lambda+0x00000001001b08e0
instanceKlass java/util/function/BiConsumer
instanceKlass javax/xml/catalog/CatalogMessages
instanceKlass javax/xml/catalog/Util
instanceKlass javax/xml/catalog/CatalogFeatures$Builder
instanceKlass javax/xml/catalog/CatalogFeatures
instanceKlass com/sun/org/apache/xerces/internal/util/IntStack
instanceKlass com/sun/org/apache/xerces/internal/impl/xpath/regex/RegularExpression$ClosureContext
instanceKlass com/sun/org/apache/xerces/internal/impl/xpath/regex/RegularExpression$ExpressionTarget
instanceKlass com/sun/org/apache/xerces/internal/impl/xpath/regex/RegularExpression$Context
instanceKlass com/sun/org/apache/xerces/internal/impl/xpath/regex/Op
instanceKlass com/sun/org/apache/xerces/internal/impl/xs/opti/NamedNodeMapImpl
instanceKlass org/w3c/dom/NamedNodeMap
instanceKlass com/sun/org/apache/xerces/internal/impl/xs/identity/IdentityConstraint
instanceKlass com/sun/org/apache/xerces/internal/xs/XSIDCDefinition
instanceKlass com/sun/org/apache/xerces/internal/impl/xs/traversers/XSDAbstractParticleTraverser$ParticleArray
instanceKlass com/sun/org/apache/xerces/internal/impl/validation/ValidationState
instanceKlass com/sun/org/apache/xerces/internal/impl/xs/traversers/XSDAbstractTraverser
instanceKlass com/sun/org/apache/xerces/internal/impl/xs/traversers/Container
instanceKlass com/sun/org/apache/xerces/internal/impl/xs/traversers/OneAttr
instanceKlass com/sun/org/apache/xerces/internal/impl/xs/XSAttributeDecl
instanceKlass com/sun/org/apache/xerces/internal/xs/XSAttributeDeclaration
instanceKlass com/sun/org/apache/xerces/internal/impl/xs/XSGroupDecl
instanceKlass com/sun/org/apache/xerces/internal/xs/XSModelGroupDefinition
instanceKlass com/sun/org/apache/xerces/internal/impl/xs/XSAttributeUseImpl
instanceKlass com/sun/org/apache/xerces/internal/xs/XSAttributeUse
instanceKlass com/sun/org/apache/xerces/internal/impl/xs/XSAttributeGroupDecl
instanceKlass com/sun/org/apache/xerces/internal/xs/XSAttributeGroupDefinition
instanceKlass com/sun/org/apache/xerces/internal/impl/xs/XSModelGroupImpl
instanceKlass com/sun/org/apache/xerces/internal/xs/XSModelGroup
instanceKlass com/sun/org/apache/xerces/internal/impl/xs/XSWildcardDecl
instanceKlass com/sun/org/apache/xerces/internal/xs/XSWildcard
instanceKlass com/sun/org/apache/xerces/internal/impl/xs/XSComplexTypeDecl
instanceKlass com/sun/org/apache/xerces/internal/xs/XSComplexTypeDefinition
instanceKlass com/sun/org/apache/xerces/internal/impl/xs/SchemaGrammar
instanceKlass com/sun/org/apache/xerces/internal/xs/XSNamespaceItem
instanceKlass com/sun/org/apache/xerces/internal/xni/grammars/XSGrammar
instanceKlass com/sun/org/apache/xerces/internal/impl/xs/util/XInt
instanceKlass com/sun/org/apache/xerces/internal/impl/xs/util/XIntPool
instanceKlass com/sun/org/apache/xerces/internal/impl/xs/traversers/XSAttributeChecker
instanceKlass com/sun/org/apache/xerces/internal/impl/xs/traversers/XSDHandler$XSDKey
instanceKlass com/sun/org/apache/xerces/internal/util/DOMUtil
instanceKlass com/sun/org/apache/xerces/internal/util/NamespaceSupport$Prefixes
instanceKlass org/w3c/dom/Attr
instanceKlass com/sun/org/apache/xerces/internal/impl/xs/SchemaSymbols
instanceKlass com/sun/org/apache/xerces/internal/impl/xs/opti/DefaultNode
instanceKlass org/w3c/dom/Document
instanceKlass com/sun/org/apache/xerces/internal/util/XMLSymbols
instanceKlass com/sun/org/apache/xerces/internal/impl/ExternalSubsetResolver
instanceKlass com/sun/xml/internal/stream/util/BufferAllocator
instanceKlass com/sun/xml/internal/stream/util/ThreadLocalBufferAllocator
instanceKlass com/sun/xml/internal/stream/Entity
instanceKlass com/sun/org/apache/xerces/internal/utils/XMLLimitAnalyzer
instanceKlass com/sun/org/apache/xerces/internal/xni/grammars/Grammar
instanceKlass  @bci com/sun/org/apache/xerces/internal/utils/ObjectFactory newInstance (Ljava/lang/String;Ljava/lang/ClassLoader;Z)Ljava/lang/Object; 26 <appendix> member <vmtarget> ; # com/sun/org/apache/xerces/internal/utils/ObjectFactory$$Lambda+0x000000010019daf0
instanceKlass com/sun/org/apache/xerces/internal/impl/xpath/regex/Token
instanceKlass  @bci java/util/ResourceBundle$ResourceBundleProviderHelper loadPropertyResourceBundle (Ljava/lang/Module;Ljava/lang/Module;Ljava/lang/String;Ljava/util/Locale;)Ljava/util/ResourceBundle; 14 <appendix> member <vmtarget> ; # java/util/ResourceBundle$ResourceBundleProviderHelper$$Lambda+0x000000010019bca8
instanceKlass  @bci java/util/ResourceBundle$ResourceBundleProviderHelper loadResourceBundle (Ljava/lang/Module;Ljava/lang/Module;Ljava/lang/String;Ljava/util/Locale;)Ljava/util/ResourceBundle; 13 <appendix> member <vmtarget> ; # java/util/ResourceBundle$ResourceBundleProviderHelper$$Lambda+0x000000010019ba80
instanceKlass java/util/ResourceBundle$ResourceBundleProviderHelper
instanceKlass java/util/ResourceBundle$3
instanceKlass java/util/ResourceBundle$CacheKeyReference
instanceKlass java/util/ResourceBundle$CacheKey
instanceKlass  @bci java/util/ResourceBundle getLoader (Ljava/lang/Module;)Ljava/lang/ClassLoader; 6 <appendix> member <vmtarget> ; # java/util/ResourceBundle$$Lambda+0x000000010019ad98
instanceKlass java/util/ResourceBundle$Control
instanceKlass java/util/ResourceBundle$1
instanceKlass jdk/internal/access/JavaUtilResourceBundleAccess
instanceKlass  @bci jdk/xml/internal/SecuritySupport getResourceBundle (Ljava/lang/String;Ljava/util/Locale;)Ljava/util/ResourceBundle; 2 <appendix> member <vmtarget> ; # jdk/xml/internal/SecuritySupport$$Lambda+0x000000010019a030
instanceKlass com/sun/org/apache/xerces/internal/impl/xpath/regex/RegexParser
instanceKlass com/sun/org/apache/xerces/internal/impl/xpath/regex/REUtil
instanceKlass com/sun/org/apache/xerces/internal/impl/xpath/regex/RegularExpression
instanceKlass com/sun/org/apache/xerces/internal/impl/dv/xs/DecimalDV$XDecimal
instanceKlass com/sun/org/apache/xerces/internal/xs/datatypes/XSDecimal
instanceKlass com/sun/org/apache/xerces/internal/util/XMLChar
instanceKlass com/sun/org/apache/xerces/internal/impl/dv/ValidatedInfo
instanceKlass com/sun/org/apache/xerces/internal/xs/XSValue
instanceKlass com/sun/org/apache/xerces/internal/impl/dv/XSFacets
instanceKlass com/sun/org/apache/xerces/internal/impl/dv/xs/XSSimpleTypeDecl$4
instanceKlass com/sun/org/apache/xerces/internal/impl/dv/xs/XSSimpleTypeDecl$1
instanceKlass com/sun/org/apache/xerces/internal/impl/dv/ValidationContext
instanceKlass com/sun/org/apache/xerces/internal/util/URI
instanceKlass com/sun/org/apache/xerces/internal/impl/dv/xs/AbstractDateTimeDV$DateTimeData
instanceKlass com/sun/org/apache/xerces/internal/xs/datatypes/XSDateTime
instanceKlass javax/xml/datatype/DatatypeFactory
instanceKlass com/sun/org/apache/xerces/internal/impl/dv/xs/TypeValidator
instanceKlass com/sun/org/apache/xerces/internal/impl/dv/xs/XSSimpleTypeDecl
instanceKlass org/w3c/dom/TypeInfo
instanceKlass com/sun/org/apache/xerces/internal/impl/dv/XSSimpleType
instanceKlass com/sun/org/apache/xerces/internal/xs/XSSimpleTypeDefinition
instanceKlass com/sun/org/apache/xerces/internal/xs/XSTypeDefinition
instanceKlass  @bci jdk/xml/internal/SecuritySupport getParentClassLoader (Ljava/lang/ClassLoader;)Ljava/lang/ClassLoader; 1 <appendix> member <vmtarget> ; # jdk/xml/internal/SecuritySupport$$Lambda+0x00000001001905e8
instanceKlass  @bci jdk/xml/internal/SecuritySupport getSystemClassLoader ()Ljava/lang/ClassLoader; 0 <appendix> argL0 ; # jdk/xml/internal/SecuritySupport$$Lambda+0x00000001001903c8
instanceKlass com/sun/org/apache/xerces/internal/utils/ObjectFactory
instanceKlass com/sun/org/apache/xerces/internal/impl/dv/SchemaDVFactory
instanceKlass com/sun/org/apache/xerces/internal/xni/parser/XMLInputSource
instanceKlass com/sun/org/apache/xerces/internal/util/XMLGrammarPoolImpl$Entry
instanceKlass com/sun/org/apache/xerces/internal/util/XMLGrammarPoolImpl
instanceKlass  @bci javax/xml/validation/SchemaFactoryFinder newFactory (Ljava/lang/String;)Ljavax/xml/validation/SchemaFactory; 24 <appendix> member <vmtarget> ; # javax/xml/validation/SchemaFactoryFinder$$Lambda+0x000000010018ef80
instanceKlass jdk/xml/internal/JdkXmlFeatures
instanceKlass com/sun/org/apache/xerces/internal/utils/XMLSecurityPropertyManager
instanceKlass com/sun/org/apache/xerces/internal/jaxp/validation/XMLSchemaFactory$XMLGrammarPoolWrapper
instanceKlass com/sun/org/apache/xerces/internal/xni/grammars/XMLGrammarPool
instanceKlass com/sun/org/apache/xerces/internal/util/DOMEntityResolverWrapper
instanceKlass com/sun/org/apache/xerces/internal/jaxp/validation/DraconianErrorHandler
instanceKlass com/sun/org/apache/xerces/internal/util/ErrorHandlerWrapper
instanceKlass com/sun/org/apache/xerces/internal/impl/xs/opti/SchemaDOMParser$BooleanStack
instanceKlass com/sun/org/apache/xerces/internal/impl/msg/XMLMessageFormatter
instanceKlass com/sun/org/apache/xerces/internal/impl/XMLVersionDetector
instanceKlass com/sun/org/apache/xerces/internal/impl/validation/ValidationManager
instanceKlass com/sun/org/apache/xerces/internal/impl/dv/dtd/NMTOKENDatatypeValidator
instanceKlass com/sun/org/apache/xerces/internal/impl/dv/dtd/NOTATIONDatatypeValidator
instanceKlass com/sun/org/apache/xerces/internal/impl/dv/dtd/ENTITYDatatypeValidator
instanceKlass com/sun/org/apache/xerces/internal/impl/dv/dtd/ListDatatypeValidator
instanceKlass com/sun/org/apache/xerces/internal/impl/dv/dtd/IDREFDatatypeValidator
instanceKlass com/sun/org/apache/xerces/internal/impl/dv/dtd/IDDatatypeValidator
instanceKlass com/sun/org/apache/xerces/internal/impl/dv/dtd/StringDatatypeValidator
instanceKlass com/sun/org/apache/xerces/internal/impl/dv/DatatypeValidator
instanceKlass com/sun/org/apache/xerces/internal/impl/dv/DTDDVFactory
instanceKlass com/sun/org/apache/xerces/internal/xni/parser/XMLDTDScanner
instanceKlass com/sun/org/apache/xerces/internal/xni/parser/XMLDTDContentModelSource
instanceKlass com/sun/org/apache/xerces/internal/xni/parser/XMLDTDSource
instanceKlass com/sun/org/apache/xerces/internal/xni/grammars/XMLDTDDescription
instanceKlass com/sun/org/apache/xerces/internal/impl/XMLDocumentScannerImpl$TrailingMiscDriver
instanceKlass com/sun/org/apache/xerces/internal/impl/XMLDocumentScannerImpl$PrologDriver
instanceKlass com/sun/org/apache/xerces/internal/impl/XMLDocumentScannerImpl$XMLDeclDriver
instanceKlass com/sun/org/apache/xerces/internal/util/NamespaceSupport
instanceKlass com/sun/org/apache/xerces/internal/xni/NamespaceContext
instanceKlass com/sun/org/apache/xerces/internal/util/XMLAttributesImpl$Attribute
instanceKlass com/sun/org/apache/xerces/internal/util/XMLAttributesImpl
instanceKlass com/sun/org/apache/xerces/internal/xni/XMLAttributes
instanceKlass com/sun/org/apache/xerces/internal/impl/XMLDocumentFragmentScannerImpl$FragmentContentDriver
instanceKlass com/sun/org/apache/xerces/internal/impl/XMLDocumentFragmentScannerImpl$Driver
instanceKlass com/sun/org/apache/xerces/internal/impl/XMLDocumentFragmentScannerImpl$ElementStack2
instanceKlass com/sun/org/apache/xerces/internal/xni/QName
instanceKlass com/sun/org/apache/xerces/internal/impl/XMLDocumentFragmentScannerImpl$ElementStack
instanceKlass com/sun/org/apache/xerces/internal/xni/XMLString
instanceKlass com/sun/org/apache/xerces/internal/impl/XMLScanner
instanceKlass com/sun/xml/internal/stream/XMLBufferListener
instanceKlass com/sun/org/apache/xerces/internal/impl/XMLEntityHandler
instanceKlass com/sun/org/apache/xerces/internal/xni/parser/XMLDocumentScanner
instanceKlass com/sun/org/apache/xerces/internal/xni/parser/XMLDocumentSource
instanceKlass com/sun/org/apache/xerces/internal/xni/parser/XMLPullParserConfiguration
instanceKlass com/sun/org/apache/xerces/internal/xni/parser/XMLParserConfiguration
instanceKlass com/sun/org/apache/xerces/internal/impl/xs/opti/DefaultXMLDocumentHandler
instanceKlass com/sun/org/apache/xerces/internal/xni/XMLDTDContentModelHandler
instanceKlass com/sun/org/apache/xerces/internal/xni/XMLDTDHandler
instanceKlass com/sun/org/apache/xerces/internal/xni/XMLDocumentHandler
instanceKlass com/sun/org/apache/xerces/internal/impl/xs/util/SimpleLocator
instanceKlass com/sun/org/apache/xerces/internal/util/SymbolHash$Entry
instanceKlass com/sun/org/apache/xerces/internal/util/SymbolHash
instanceKlass com/sun/org/apache/xerces/internal/impl/xs/traversers/XSDocumentInfo
instanceKlass org/w3c/dom/Element
instanceKlass org/w3c/dom/Node
instanceKlass com/sun/org/apache/xerces/internal/impl/xs/XSParticleDecl
instanceKlass com/sun/org/apache/xerces/internal/xs/XSParticle
instanceKlass com/sun/org/apache/xerces/internal/impl/xs/traversers/XSDHandler
instanceKlass com/sun/org/apache/xerces/internal/impl/xs/models/XSEmptyCM
instanceKlass com/sun/org/apache/xerces/internal/impl/xs/models/XSCMValidator
instanceKlass com/sun/org/apache/xerces/internal/impl/xs/models/CMBuilder
instanceKlass com/sun/org/apache/xerces/internal/impl/xs/SubstitutionGroupHandler$OneSubGroup
instanceKlass com/sun/org/apache/xerces/internal/impl/xs/XSElementDecl
instanceKlass com/sun/org/apache/xerces/internal/xs/XSElementDeclaration
instanceKlass com/sun/org/apache/xerces/internal/xs/XSTerm
instanceKlass com/sun/org/apache/xerces/internal/xs/XSObject
instanceKlass com/sun/org/apache/xerces/internal/impl/xs/SubstitutionGroupHandler
instanceKlass com/sun/org/apache/xerces/internal/impl/xs/XSGrammarBucket
instanceKlass com/sun/org/apache/xerces/internal/util/FeatureState
instanceKlass com/sun/org/apache/xerces/internal/impl/xs/XSMessageFormatter
instanceKlass com/sun/org/apache/xerces/internal/util/MessageFormatter
instanceKlass com/sun/org/apache/xerces/internal/util/DefaultErrorHandler
instanceKlass com/sun/org/apache/xerces/internal/xni/parser/XMLErrorHandler
instanceKlass com/sun/org/apache/xerces/internal/util/PropertyState
instanceKlass com/sun/org/apache/xerces/internal/xni/grammars/XMLSchemaDescription
instanceKlass com/sun/org/apache/xerces/internal/xni/grammars/XMLGrammarDescription
instanceKlass com/sun/org/apache/xerces/internal/impl/xs/models/CMNodeFactory
instanceKlass com/sun/org/apache/xerces/internal/impl/XMLErrorReporter
instanceKlass com/sun/org/apache/xerces/internal/util/ParserConfigurationSettings
instanceKlass com/sun/org/apache/xerces/internal/xni/parser/XMLComponentManager
instanceKlass com/sun/org/apache/xerces/internal/impl/XMLEntityScanner
instanceKlass com/sun/org/apache/xerces/internal/xni/XMLLocator
instanceKlass com/sun/xml/internal/stream/XMLEntityStorage
instanceKlass com/sun/org/apache/xerces/internal/utils/XMLSecurityManager
instanceKlass com/sun/org/apache/xerces/internal/util/AugmentationsImpl$AugmentationsItemsContainer
instanceKlass com/sun/org/apache/xerces/internal/util/AugmentationsImpl
instanceKlass com/sun/org/apache/xerces/internal/xni/Augmentations
instanceKlass com/sun/org/apache/xerces/internal/util/XMLResourceIdentifierImpl
instanceKlass com/sun/org/apache/xerces/internal/xni/XMLResourceIdentifier
instanceKlass jdk/xml/internal/JdkConstants
instanceKlass com/sun/org/apache/xerces/internal/impl/XMLEntityManager
instanceKlass com/sun/org/apache/xerces/internal/xni/parser/XMLEntityResolver
instanceKlass com/sun/org/apache/xerces/internal/util/SymbolTable$Entry
instanceKlass com/sun/org/apache/xerces/internal/util/SymbolTable
instanceKlass jdk/xml/internal/JdkXmlUtils
instanceKlass com/sun/org/apache/xerces/internal/impl/xs/XMLSchemaLoader
instanceKlass org/w3c/dom/DOMConfiguration
instanceKlass com/sun/org/apache/xerces/internal/xs/XSLoader
instanceKlass com/sun/org/apache/xerces/internal/impl/xs/XSElementDeclHelper
instanceKlass com/sun/org/apache/xerces/internal/xni/parser/XMLComponent
instanceKlass com/sun/org/apache/xerces/internal/xni/grammars/XMLGrammarLoader
instanceKlass  @bci javax/xml/validation/SchemaFactoryFinder _newFactory (Ljava/lang/String;)Ljavax/xml/validation/SchemaFactory; 137 <appendix> argL0 ; # javax/xml/validation/SchemaFactoryFinder$$Lambda+0x00000001001379e0
instanceKlass javax/xml/validation/SchemaFactoryFinder$2
instanceKlass  @bci javax/xml/validation/SchemaFactoryFinder _newFactory (Ljava/lang/String;)Ljavax/xml/validation/SchemaFactory; 56 <appendix> argL0 ; # javax/xml/validation/SchemaFactoryFinder$$Lambda+0x0000000100137588
instanceKlass  @bci javax/xml/validation/SchemaFactoryFinder _newFactory (Ljava/lang/String;)Ljavax/xml/validation/SchemaFactory; 14 <appendix> member <vmtarget> ; # javax/xml/validation/SchemaFactoryFinder$$Lambda+0x0000000100137360
instanceKlass  @bci org/languagetool/rules/WrongWordInContextRule$ContextWords addBoundaries (Ljava/lang/String;)Ljava/lang/String; 23 <appendix> form vmentry <vmtarget> ; # java/lang/invoke/LambdaForm$MH+0x000000010012b400
instanceKlass java/lang/invoke/LambdaFormEditor$1
# instanceKlass java/lang/invoke/LambdaForm$MH+0x000000010012b000
instanceKlass  @bci org/languagetool/rules/WrongWordInContextRule$ContextWords addBoundaries (Ljava/lang/String;)Ljava/lang/String; 23 <appendix> argL3 form vmentry <vmtarget> ; # java/lang/invoke/LambdaForm$MH+0x000000010012ac00
# instanceKlass java/lang/invoke/LambdaForm$MH+0x000000010012a800
# instanceKlass java/lang/invoke/LambdaForm$MH+0x000000010012a400
# instanceKlass java/lang/invoke/LambdaForm$MH+0x000000010012a000
# instanceKlass java/lang/invoke/LambdaForm$MH+0x0000000100129c00
instanceKlass  @bci org/languagetool/rules/WrongWordInContextRule$ContextWords addBoundaries (Ljava/lang/String;)Ljava/lang/String; 23 <appendix> argL1 form vmentry <vmtarget> ; # java/lang/invoke/LambdaForm$MH+0x0000000100129800
# instanceKlass java/lang/invoke/LambdaForm$MH+0x0000000100129400
instanceKlass  @bci org/languagetool/rules/WrongWordInContextRule$ContextWords addBoundaries (Ljava/lang/String;)Ljava/lang/String; 23 <appendix> argL1 argL0 form vmentry <vmtarget> ; # java/lang/invoke/LambdaForm$MH+0x0000000100129000
# instanceKlass java/lang/invoke/LambdaForm$MH+0x0000000100128c00
# instanceKlass java/lang/invoke/LambdaForm$MH+0x0000000100128800
# instanceKlass java/lang/invoke/LambdaForm$MH+0x0000000100128400
instanceKlass javax/xml/validation/SchemaFactoryFinder
instanceKlass javax/xml/validation/SchemaFactory
instanceKlass javax/xml/transform/stream/StreamSource
instanceKlass jdk/internal/foreign/MemorySessionImpl
instanceKlass java/lang/foreign/MemorySegment$Scope
instanceKlass  @bci javax/xml/parsers/FactoryFinder newInstance (Ljava/lang/Class;Ljava/lang/String;Ljava/lang/ClassLoader;ZZ)Ljava/lang/Object; 104 <appendix> member <vmtarget> ; # javax/xml/parsers/FactoryFinder$$Lambda+0x0000000100135098
instanceKlass  @bci jdk/xml/internal/SecuritySupport getContextClassLoader ()Ljava/lang/ClassLoader; 0 <appendix> argL0 ; # jdk/xml/internal/SecuritySupport$$Lambda+0x0000000100134c10
instanceKlass  @bci javax/xml/parsers/FactoryFinder find (Ljava/lang/Class;Ljava/lang/String;)Ljava/lang/Object; 104 <appendix> member <vmtarget> ; # javax/xml/parsers/FactoryFinder$$Lambda+0x00000001001349e8
instanceKlass javax/xml/parsers/FactoryFinder$1
instanceKlass  @bci jdk/xml/internal/SecuritySupport getFileInputStream (Ljava/io/File;)Ljava/io/FileInputStream; 1 <appendix> member <vmtarget> ; # jdk/xml/internal/SecuritySupport$$Lambda+0x0000000100134590
instanceKlass  @bci jdk/xml/internal/SecuritySupport doesFileExist (Ljava/io/File;)Z 1 <appendix> member <vmtarget> ; # jdk/xml/internal/SecuritySupport$$Lambda+0x0000000100134368
instanceKlass  @bci javax/xml/parsers/FactoryFinder find (Ljava/lang/Class;Ljava/lang/String;)Ljava/lang/Object; 6 <appendix> member <vmtarget> ; # javax/xml/parsers/FactoryFinder$$Lambda+0x0000000100134140
instanceKlass  @bci jdk/xml/internal/SecuritySupport getSystemProperty (Ljava/lang/String;)Ljava/lang/String; 1 <appendix> member <vmtarget> ; # jdk/xml/internal/SecuritySupport$$Lambda+0x0000000100133f18
instanceKlass jdk/xml/internal/SecuritySupport
instanceKlass javax/xml/parsers/FactoryFinder
instanceKlass javax/xml/parsers/SAXParserFactory
instanceKlass javax/xml/transform/Source
instanceKlass javax/xml/transform/Result
instanceKlass javax/xml/transform/ErrorListener
instanceKlass net/loomchild/segment/util/Util
instanceKlass org/apache/commons/logging/impl/Slf4jLogFactory$Slf4jLog
instanceKlass org/slf4j/spi/LocationAwareLogger
instanceKlass  @bci org/apache/commons/logging/impl/Slf4jLogFactory getInstance (Ljava/lang/String;)Lorg/apache/commons/logging/Log; 5 <appendix> argL0 ; # org/apache/commons/logging/impl/Slf4jLogFactory$$Lambda+0x0000000100127888
instanceKlass  @bci org/apache/commons/logging/LogFactory newStandardFactory (Ljava/lang/ClassLoader;)Lorg/apache/commons/logging/LogFactory; 154 <appendix> argL0 ; # org/apache/commons/logging/LogFactory$$Lambda+0x0000000100127668
instanceKlass org/slf4j/helpers/BasicMarker
instanceKlass org/slf4j/MarkerFactory
instanceKlass org/apache/commons/logging/Log
instanceKlass  @bci org/apache/commons/logging/LogFactory newStandardFactory (Ljava/lang/ClassLoader;)Lorg/apache/commons/logging/LogFactory; 106 <appendix> argL0 ; # org/apache/commons/logging/LogFactory$$Lambda+0x0000000100126b48
instanceKlass  @bci org/apache/commons/logging/LogFactory isClassAvailable (Ljava/lang/String;Ljava/lang/ClassLoader;)Z 23 <appendix> member <vmtarget> ; # org/apache/commons/logging/LogFactory$$Lambda+0x00000001001266d8
instanceKlass  @bci org/apache/commons/logging/LogFactory isClassAvailable (Ljava/lang/String;Ljava/lang/ClassLoader;)Z 2 <appendix> member <vmtarget> ; # org/apache/commons/logging/LogFactory$$Lambda+0x00000001001264b0
instanceKlass  @bci org/apache/commons/logging/LogFactory getFactory ()Lorg/apache/commons/logging/LogFactory; 240 <appendix> argL0 ; # org/apache/commons/logging/LogFactory$$Lambda+0x0000000100126290
instanceKlass  @bci org/apache/commons/logging/LogFactory getFactory ()Lorg/apache/commons/logging/LogFactory; 196 <appendix> argL0 ; # org/apache/commons/logging/LogFactory$$Lambda+0x0000000100126070
instanceKlass  @bci org/apache/commons/logging/LogFactory getResources (Ljava/lang/ClassLoader;Ljava/lang/String;)Ljava/util/Enumeration; 2 <appendix> member <vmtarget> ; # org/apache/commons/logging/LogFactory$$Lambda+0x0000000100125e48
instanceKlass org/apache/commons/logging/impl/WeakHashtable$Referenced
instanceKlass  @bci org/apache/commons/logging/LogFactory getContextClassLoaderInternal ()Ljava/lang/ClassLoader; 0 <appendix> argL0 ; # org/apache/commons/logging/LogFactory$$Lambda+0x00000001001257c8
instanceKlass  @bci org/apache/commons/logging/LogFactory getSystemProperty (Ljava/lang/String;Ljava/lang/String;)Ljava/lang/String; 2 <appendix> member <vmtarget> ; # org/apache/commons/logging/LogFactory$$Lambda+0x00000001001251c8
instanceKlass  @cpi org/apache/commons/logging/LogFactory 1024 form vmentry <vmtarget> ; # java/lang/invoke/LambdaForm$DMH+0x0000000100128000
instanceKlass org/apache/commons/logging/LogFactory
instanceKlass org/xml/sax/helpers/DefaultHandler
instanceKlass org/xml/sax/ErrorHandler
instanceKlass org/xml/sax/ContentHandler
instanceKlass org/xml/sax/DTDHandler
instanceKlass org/xml/sax/EntityResolver
instanceKlass net/loomchild/segment/srx/io/Srx2SaxParser
instanceKlass org/languagetool/broker/DefaultClassBroker
instanceKlass java/time/LocalTime$1
instanceKlass java/time/format/DateTimeFormatterBuilder$2
instanceKlass java/time/LocalDate$1
instanceKlass java/time/OffsetDateTime$1
instanceKlass java/time/format/DateTimePrintContext
instanceKlass java/time/temporal/TemporalQueries$7
instanceKlass java/time/temporal/TemporalQueries$6
instanceKlass java/time/temporal/TemporalQueries$5
instanceKlass java/time/temporal/TemporalQueries$4
instanceKlass java/time/temporal/TemporalQueries$3
instanceKlass java/time/temporal/TemporalQueries$2
instanceKlass java/time/temporal/TemporalQueries$1
instanceKlass java/time/temporal/TemporalQueries
instanceKlass java/time/format/Parsed
instanceKlass java/time/format/DateTimeParseContext
instanceKlass java/text/ParsePosition
instanceKlass  @bci java/time/OffsetDateTime parse (Ljava/lang/CharSequence;Ljava/time/format/DateTimeFormatter;)Ljava/time/OffsetDateTime; 9 <appendix> argL0 ; # java/time/OffsetDateTime$$Lambda+0x000000010017f6e8
instanceKlass org/languagetool/broker/DefaultResourceDataBroker
instanceKlass org/languagetool/broker/ClassBroker
instanceKlass org/languagetool/broker/ResourceDataBroker
instanceKlass org/languagetool/JLanguageTool
instanceKlass net/loomchild/segment/TextIterator
instanceKlass net/loomchild/segment/srx/SrxParser
instanceKlass org/languagetool/tokenizers/SrxTools
instanceKlass org/languagetool/rules/patterns/UnifierConfiguration
instanceKlass org/languagetool/tokenizers/SRXSentenceTokenizer
instanceKlass org/languagetool/tagging/xx/DemoTagger
instanceKlass org/languagetool/tagging/disambiguation/AbstractDisambiguator
instanceKlass org/slf4j/spi/LoggingEventBuilder
instanceKlass org/slf4j/helpers/NamedLoggerBase
instanceKlass org/slf4j/helpers/Reporter
instanceKlass org/slf4j/nop/NOPServiceProvider
instanceKlass org/slf4j/helpers/Util
instanceKlass org/slf4j/helpers/NOPMDCAdapter
instanceKlass org/slf4j/helpers/NOPLoggerFactory
instanceKlass org/slf4j/helpers/NOP_FallbackServiceProvider
instanceKlass org/slf4j/helpers/ThreadLocalMapOfStacks
instanceKlass org/slf4j/helpers/BasicMDCAdapter
instanceKlass org/slf4j/Marker
instanceKlass org/slf4j/helpers/BasicMarkerFactory
instanceKlass java/util/concurrent/LinkedBlockingQueue$Node
instanceKlass org/slf4j/Logger
instanceKlass org/slf4j/helpers/SubstituteLoggerFactory
instanceKlass org/slf4j/ILoggerFactory
instanceKlass org/slf4j/spi/MDCAdapter
instanceKlass org/slf4j/IMarkerFactory
instanceKlass org/slf4j/helpers/SubstituteServiceProvider
instanceKlass org/slf4j/event/LoggingEvent
instanceKlass org/slf4j/spi/SLF4JServiceProvider
instanceKlass org/slf4j/LoggerFactory
instanceKlass org/languagetool/chunking/Chunker
instanceKlass org/languagetool/tokenizers/SentenceTokenizer
instanceKlass org/languagetool/tokenizers/Tokenizer
instanceKlass org/languagetool/tagging/Tagger
instanceKlass org/languagetool/tagging/disambiguation/Disambiguator
instanceKlass org/languagetool/Language
instanceKlass org/languagetool/Languages
instanceKlass org/languagetool/ResultCache$SentenceWeigher
instanceKlass org/languagetool/ResultCache$RemoteMatchesWeigher
instanceKlass com/google/common/cache/LocalCache$AbstractReferenceEntry
instanceKlass java/util/concurrent/ConcurrentLinkedQueue$Node
instanceKlass java/util/concurrent/atomic/AtomicReferenceArray
instanceKlass com/google/common/cache/LocalCache$LoadingValueReference
instanceKlass com/google/common/cache/LongAddables$1
instanceKlass com/google/common/cache/Striped64$Cell
# instanceKlass java/lang/invoke/LambdaForm$MH+0x000000010011c000
instanceKlass com/google/common/cache/Striped64$1
instanceKlass sun/misc/Unsafe
instanceKlass com/google/common/cache/LongAddable
instanceKlass com/google/common/cache/LongAddables
instanceKlass com/google/common/cache/AbstractCache$SimpleStatsCounter
instanceKlass com/google/common/cache/RemovalListener
instanceKlass com/google/common/base/Predicate
instanceKlass com/google/common/base/Equivalence
instanceKlass java/util/function/BiPredicate
instanceKlass com/google/common/base/MoreObjects
instanceKlass com/google/common/cache/LocalCache$1
instanceKlass jdk/internal/logger/DefaultLoggerFinder$1
instanceKlass java/util/logging/Logger$SystemLoggerHelper$1
instanceKlass java/util/logging/Logger$SystemLoggerHelper
instanceKlass java/util/logging/LogManager$4
instanceKlass jdk/internal/logger/BootstrapLogger$BootstrapExecutors
instanceKlass jdk/internal/logger/BootstrapLogger$RedirectedLoggers
instanceKlass java/util/ServiceLoader$ProviderImpl
instanceKlass java/util/ServiceLoader$Provider
instanceKlass java/util/ServiceLoader$1
instanceKlass java/util/concurrent/CopyOnWriteArrayList$COWIterator
instanceKlass jdk/internal/loader/URLClassPath$1
instanceKlass java/lang/CompoundEnumeration
instanceKlass jdk/internal/loader/BuiltinClassLoader$1
instanceKlass java/util/Collections$EmptyEnumeration
instanceKlass java/util/ServiceLoader$3
instanceKlass java/util/ServiceLoader$2
instanceKlass java/util/ServiceLoader$LazyClassPathLookupIterator
instanceKlass java/util/Spliterators$1Adapter
instanceKlass java/util/Spliterator$OfDouble
instanceKlass java/util/Spliterator$OfLong
instanceKlass java/util/Spliterator$OfInt
instanceKlass java/util/Spliterator$OfPrimitive
instanceKlass java/util/Spliterators$EmptySpliterator
instanceKlass java/util/Spliterators
instanceKlass java/util/ServiceLoader$ModuleServicesLookupIterator
instanceKlass java/util/ServiceLoader
instanceKlass jdk/internal/logger/BootstrapLogger$DetectBackend$1
instanceKlass jdk/internal/logger/BootstrapLogger$DetectBackend
instanceKlass jdk/internal/logger/BootstrapLogger
instanceKlass sun/util/logging/PlatformLogger$ConfigurableBridge
instanceKlass sun/util/logging/PlatformLogger$Bridge
instanceKlass java/util/stream/Streams
instanceKlass java/util/stream/Streams$AbstractStreamBuilderImpl
instanceKlass java/util/stream/Stream$Builder
instanceKlass java/util/stream/Sink$ChainedReference
instanceKlass  @bci java/util/stream/FindOps$FindSink$OfRef <clinit> ()V 43 <appendix> argL0 ; # java/util/stream/FindOps$FindSink$OfRef$$Lambda+0x00000001001759e0
instanceKlass  @bci java/util/stream/FindOps$FindSink$OfRef <clinit> ()V 38 <appendix> argL0 ; # java/util/stream/FindOps$FindSink$OfRef$$Lambda+0x0000000100175790
instanceKlass  @bci java/util/stream/FindOps$FindSink$OfRef <clinit> ()V 16 <appendix> argL0 ; # java/util/stream/FindOps$FindSink$OfRef$$Lambda+0x0000000100175570
instanceKlass  @bci java/util/stream/FindOps$FindSink$OfRef <clinit> ()V 11 <appendix> argL0 ; # java/util/stream/FindOps$FindSink$OfRef$$Lambda+0x0000000100175320
instanceKlass java/util/stream/FindOps$FindOp
instanceKlass java/util/stream/TerminalOp
instanceKlass java/util/stream/FindOps$FindSink
instanceKlass java/util/stream/TerminalSink
instanceKlass java/util/stream/Sink
instanceKlass java/util/stream/FindOps
instanceKlass  @bci java/util/logging/Level$KnownLevel findByName (Ljava/lang/String;Ljava/util/function/Function;)Ljava/util/Optional; 29 <appendix> argL0 ; # java/util/logging/Level$KnownLevel$$Lambda+0x0000000100173bb0
instanceKlass java/util/EnumMap$1
instanceKlass java/util/stream/StreamOpFlag$MaskBuilder
instanceKlass java/util/stream/PipelineHelper
instanceKlass java/util/stream/StreamSupport
instanceKlass java/util/ArrayList$ArrayListSpliterator
instanceKlass java/util/Spliterator
instanceKlass  @bci java/util/logging/Level findLevel (Ljava/lang/String;)Ljava/util/logging/Level; 13 <appendix> argL0 ; # java/util/logging/Level$$Lambda+0x00000001001704c8
instanceKlass java/util/Hashtable$Enumerator
instanceKlass java/util/Collections$SynchronizedCollection
instanceKlass java/util/Properties$EntrySet
instanceKlass java/util/Collections$3
instanceKlass java/util/logging/LogManager$LoggerContext$1
instanceKlass java/util/logging/LogManager$VisitedLoggers
instanceKlass  @bci org/languagetool/rules/AbstractRepeatedWordsRule <init> (Ljava/util/ResourceBundle;Lorg/languagetool/Language;)V 31 <appendix> form vmentry <vmtarget> ; # java/lang/invoke/LambdaForm$MH+0x0000000100114000
instanceKlass java/util/logging/LogManager$2
instanceKlass java/lang/System$LoggerFinder
instanceKlass sun/security/util/SecurityProperties
instanceKlass sun/security/util/FilePermCompat
instanceKlass java/util/logging/LogManager$LoggingProviderAccess
instanceKlass sun/util/logging/internal/LoggingProviderImpl$LogManagerAccess
instanceKlass java/lang/ApplicationShutdownHooks$1
instanceKlass java/lang/ApplicationShutdownHooks
instanceKlass java/util/logging/LogManager$LogNode
instanceKlass java/util/logging/LogManager$LoggerContext
instanceKlass java/util/logging/LogManager$1
instanceKlass java/util/logging/LogManager
instanceKlass java/util/logging/Logger$ConfigurationData
instanceKlass java/util/logging/Logger$LoggerBundle
instanceKlass  @bci java/util/logging/Level$KnownLevel add (Ljava/util/logging/Level;)V 49 <appendix> argL0 ; # java/util/logging/Level$KnownLevel$$Lambda+0x000000010016ae90
instanceKlass  @bci java/util/logging/Level$KnownLevel add (Ljava/util/logging/Level;)V 19 <appendix> argL0 ; # java/util/logging/Level$KnownLevel$$Lambda+0x000000010016ac50
instanceKlass java/util/logging/Level
instanceKlass java/util/logging/Handler
instanceKlass java/util/logging/Logger
instanceKlass com/google/common/cache/ReferenceEntry
instanceKlass com/google/common/cache/LocalCache$ValueReference
instanceKlass com/google/common/cache/CacheLoader
instanceKlass com/google/common/cache/LocalCache$LocalManualCache
instanceKlass org/languagetool/ResultCache$MatchesWeigher
instanceKlass com/google/common/cache/CacheBuilder$2
instanceKlass com/google/common/base/Preconditions
instanceKlass com/google/common/cache/CacheStats
instanceKlass com/google/common/base/Suppliers$SupplierOfInstance
instanceKlass com/google/common/base/Suppliers
instanceKlass com/google/common/cache/CacheBuilder$1
instanceKlass com/google/common/cache/AbstractCache$StatsCounter
instanceKlass com/google/common/cache/LoadingCache
instanceKlass com/google/common/base/Function
instanceKlass com/google/common/cache/Cache
instanceKlass com/google/common/base/Ticker
instanceKlass com/google/common/base/Supplier
instanceKlass com/google/common/cache/CacheBuilder
instanceKlass com/google/common/cache/Weigher
instanceKlass org/languagetool/ResultCache
instanceKlass kotlin/collections/EmptySet
instanceKlass org/bsplines/ltexls/languagetool/LanguageToolJavaInterface$Companion
instanceKlass org/bsplines/ltexls/languagetool/LanguageToolInterface
instanceKlass kotlin/Pair
instanceKlass kotlin/collections/MapsKt__MapWithDefaultKt
instanceKlass kotlin/collections/ArraysKt__ArraysJVMKt
instanceKlass kotlin/collections/SetsKt__SetsJVMKt
instanceKlass org/bsplines/ltexls/settings/Settings$Companion
instanceKlass org/bsplines/ltexls/settings/Settings
instanceKlass org/bsplines/ltexls/settings/SettingsManager$Companion
instanceKlass org/bsplines/ltexls/settings/SettingsManager
instanceKlass jdk/internal/vm/ThreadContainers
instanceKlass jdk/internal/vm/StackableScope
instanceKlass java/util/concurrent/Executors$DefaultThreadFactory
instanceKlass java/util/concurrent/RunnableScheduledFuture
instanceKlass java/util/concurrent/ScheduledFuture
instanceKlass java/util/concurrent/Delayed
instanceKlass java/util/concurrent/RunnableFuture
instanceKlass java/util/concurrent/Future
instanceKlass java/util/concurrent/BlockingQueue
instanceKlass java/util/concurrent/ThreadPoolExecutor$AbortPolicy
instanceKlass java/util/concurrent/RejectedExecutionHandler
instanceKlass java/util/concurrent/AbstractExecutorService
instanceKlass java/util/concurrent/Executors$DelegatedExecutorService
instanceKlass java/util/concurrent/ScheduledExecutorService
instanceKlass java/util/concurrent/ExecutorService
instanceKlass java/util/concurrent/Executor
instanceKlass java/util/concurrent/Executors
instanceKlass org/bsplines/ltexls/server/LtexLanguageServer
instanceKlass org/eclipse/lsp4j/services/LanguageClientAware
instanceKlass org/eclipse/lsp4j/services/LanguageServer
instanceKlass sun/security/util/ManifestEntryVerifier$SunProviderHolder
instanceKlass java/util/Base64$Encoder
instanceKlass java/util/Base64$Decoder
instanceKlass java/util/Base64
instanceKlass javax/crypto/SecretKey
instanceKlass sun/security/util/Length
instanceKlass sun/security/util/KeyUtil
instanceKlass java/security/interfaces/XECKey
instanceKlass java/security/interfaces/ECKey
instanceKlass sun/security/util/JarConstraintsParameters
instanceKlass sun/security/util/ConstraintsParameters
instanceKlass java/security/CodeSigner
instanceKlass java/security/Timestamp
instanceKlass sun/security/timestamp/TimestampToken
instanceKlass java/security/cert/CertPath
instanceKlass java/math/MutableBigInteger
instanceKlass sun/security/rsa/RSAPadding
instanceKlass sun/security/rsa/RSACore
instanceKlass java/security/interfaces/RSAPrivateCrtKey
instanceKlass sun/security/pkcs/PKCS8Key
instanceKlass sun/security/util/InternalPrivateKey
instanceKlass java/security/interfaces/RSAPrivateKey
instanceKlass java/security/PrivateKey
instanceKlass javax/security/auth/Destroyable
instanceKlass jdk/internal/icu/util/CodePointTrie$Data
instanceKlass jdk/internal/icu/util/CodePointMap
instanceKlass jdk/internal/icu/util/VersionInfo
instanceKlass  @bci jdk/internal/module/SystemModuleFinders$SystemModuleReader open (Ljava/lang/String;)Ljava/util/Optional; 6 <appendix> member <vmtarget> ; # jdk/internal/module/SystemModuleFinders$SystemModuleReader$$Lambda+0x000000010015cf08
instanceKlass jdk/internal/icu/impl/ICUBinary$1
instanceKlass jdk/internal/icu/impl/ICUBinary
instanceKlass jdk/internal/icu/impl/NormalizerImpl$IsAcceptable
instanceKlass jdk/internal/icu/impl/ICUBinary$Authenticate
instanceKlass jdk/internal/icu/impl/NormalizerImpl
instanceKlass jdk/internal/icu/impl/Norm2AllModes$Norm2AllModesSingleton
instanceKlass jdk/internal/icu/impl/Norm2AllModes$NFKCSingleton
instanceKlass jdk/internal/icu/impl/Norm2AllModes
instanceKlass jdk/internal/icu/text/Normalizer2
instanceKlass jdk/internal/icu/text/NormalizerBase$ModeImpl
instanceKlass jdk/internal/icu/text/NormalizerBase$NFKDModeImpl
instanceKlass jdk/internal/icu/text/NormalizerBase$1
instanceKlass jdk/internal/icu/text/NormalizerBase$Mode
instanceKlass jdk/internal/icu/text/NormalizerBase
instanceKlass java/text/Normalizer
instanceKlass sun/security/x509/AVAKeyword
instanceKlass sun/security/jca/ServiceId
instanceKlass java/security/Signature$1
instanceKlass jdk/internal/access/JavaSecuritySignatureAccess
instanceKlass java/security/SignatureSpi
instanceKlass sun/security/util/SignatureUtil
instanceKlass java/lang/invoke/VarHandle$AccessDescriptor
instanceKlass sun/security/provider/ByteArrayAccess$BE
instanceKlass sun/security/provider/ByteArrayAccess
instanceKlass sun/security/util/MessageDigestSpi2
instanceKlass java/security/MessageDigestSpi
instanceKlass sun/security/pkcs/SigningCertificateInfo$ESSCertId
instanceKlass sun/security/pkcs/SigningCertificateInfo
instanceKlass sun/security/pkcs/PKCS9Attribute
instanceKlass sun/security/pkcs/PKCS9Attributes
instanceKlass java/time/zone/ZoneOffsetTransition
instanceKlass java/time/zone/ZoneOffsetTransitionRule
instanceKlass  @bci java/util/regex/CharPredicates ASCII_SPACE ()Ljava/util/regex/Pattern$BmpCharPredicate; 0 <appendix> argL0 ; # java/util/regex/CharPredicates$$Lambda+0x0000000100153e58
instanceKlass sun/security/util/DisabledAlgorithmConstraints$Constraints$Holder
instanceKlass sun/security/util/DisabledAlgorithmConstraints$Constraint
instanceKlass java/security/spec/ECFieldF2m
instanceKlass java/security/spec/ECParameterSpec
instanceKlass java/security/spec/ECPoint
instanceKlass java/security/spec/EllipticCurve
instanceKlass java/security/spec/ECFieldFp
instanceKlass java/security/spec/ECField
instanceKlass sun/security/util/CurveDB
instanceKlass sun/security/util/DisabledAlgorithmConstraints$Constraints
instanceKlass sun/security/util/AbstractAlgorithmConstraints$1
instanceKlass sun/security/util/AlgorithmDecomposer
instanceKlass sun/security/util/DisabledAlgorithmConstraints$JarHolder
instanceKlass  @bci java/util/regex/Pattern DOT ()Ljava/util/regex/Pattern$CharPredicate; 0 <appendix> argL0 ; # java/util/regex/Pattern$$Lambda+0x0000000100150af8
instanceKlass sun/security/util/AbstractAlgorithmConstraints
instanceKlass java/security/AlgorithmConstraints
instanceKlass sun/security/pkcs/SignerInfo
instanceKlass java/security/cert/PolicyQualifierInfo
instanceKlass sun/security/x509/CertificatePolicyId
instanceKlass sun/security/x509/PolicyInformation
instanceKlass sun/security/x509/DistributionPoint
instanceKlass sun/security/x509/DNSName
instanceKlass sun/security/x509/URIName
instanceKlass sun/security/x509/GeneralName
instanceKlass sun/security/x509/AccessDescription
instanceKlass sun/security/x509/GeneralNames
instanceKlass java/lang/invoke/VarForm
instanceKlass java/lang/invoke/VarHandleGuards
instanceKlass java/lang/invoke/VarHandles
instanceKlass java/lang/System$Logger
instanceKlass jdk/internal/event/EventHelper
instanceKlass sun/security/jca/JCAUtil
instanceKlass sun/security/util/MemoryCache$CacheEntry
instanceKlass sun/security/x509/KeyIdentifier
# instanceKlass java/lang/invoke/LambdaForm$MH+0x000000010010b000
instanceKlass sun/security/x509/OIDMap$OIDInfo
instanceKlass sun/security/x509/PKIXExtensions
instanceKlass sun/security/x509/OIDMap
instanceKlass sun/security/x509/Extension
instanceKlass java/security/cert/Extension
instanceKlass java/util/Collections$SynchronizedMap
instanceKlass sun/security/x509/CertificateExtensions
instanceKlass sun/security/rsa/RSAUtil
instanceKlass java/security/interfaces/RSAPublicKey
instanceKlass java/security/interfaces/RSAKey
instanceKlass java/security/spec/PSSParameterSpec
instanceKlass java/security/spec/AlgorithmParameterSpec
instanceKlass java/security/spec/RSAPrivateKeySpec
instanceKlass java/security/spec/RSAPublicKeySpec
instanceKlass java/security/KeyFactorySpi
instanceKlass sun/security/rsa/SunRsaSignEntries
instanceKlass sun/security/jca/ProviderList$ServiceList$1
instanceKlass java/security/KeyFactory
instanceKlass  @bci java/security/spec/EncodedKeySpec <clinit> ()V 0 <appendix> argL0 ; # java/security/spec/EncodedKeySpec$$Lambda+0x00000001001469e0
instanceKlass jdk/internal/access/JavaSecuritySpecAccess
instanceKlass java/security/spec/EncodedKeySpec
instanceKlass java/security/spec/KeySpec
instanceKlass sun/security/util/BitArray
instanceKlass sun/security/x509/X509Key
instanceKlass java/security/PublicKey
instanceKlass java/security/Key
instanceKlass sun/security/x509/CertificateX509Key
instanceKlass sun/util/calendar/CalendarUtils
instanceKlass sun/util/calendar/CalendarDate
instanceKlass sun/security/x509/CertificateValidity
instanceKlass sun/security/x509/AVA
instanceKlass sun/security/x509/RDN
instanceKlass javax/security/auth/x500/X500Principal
instanceKlass  @bci sun/security/x509/X500Name <clinit> ()V 153 <appendix> argL0 ; # sun/security/x509/X500Name$$Lambda+0x0000000100143898
instanceKlass sun/security/x509/X500Name
instanceKlass sun/security/x509/GeneralNameInterface
instanceKlass sun/security/x509/CertificateAlgorithmId
instanceKlass sun/security/x509/SerialNumber
instanceKlass sun/security/x509/CertificateSerialNumber
instanceKlass sun/security/x509/CertificateVersion
instanceKlass sun/security/x509/X509CertInfo
instanceKlass sun/security/util/Cache$EqualByteArray
instanceKlass java/security/cert/X509Extension
instanceKlass java/lang/Byte$ByteCache
instanceKlass  @bci sun/security/util/DerInputStream seeOptionalContextSpecific (I)Z 2 <appendix> member <vmtarget> ; # sun/security/util/DerInputStream$$Lambda+0x00000001001411c8
instanceKlass  @cpi sun/security/util/DerInputStream 295 form vmentry <vmtarget> ; # java/lang/invoke/LambdaForm$DMH+0x000000010010ac00
instanceKlass java/util/function/Predicate
instanceKlass sun/security/jca/GetInstance$Instance
instanceKlass sun/security/util/Cache
instanceKlass jdk/internal/event/Event
instanceKlass sun/security/jca/GetInstance
instanceKlass java/security/cert/CertificateFactorySpi
instanceKlass java/security/cert/CertificateFactory
instanceKlass sun/security/x509/AlgorithmId
instanceKlass sun/security/util/ByteArrayTagOrder
instanceKlass sun/security/util/ByteArrayLexOrder
instanceKlass sun/security/util/DerValue
instanceKlass sun/security/util/ObjectIdentifier
instanceKlass sun/security/pkcs/ContentInfo
instanceKlass sun/security/util/DerEncoder
instanceKlass sun/security/util/DerInputStream
instanceKlass sun/security/pkcs/PKCS7
instanceKlass sun/security/util/SecurityProviderConstants
instanceKlass java/security/Provider$UString
instanceKlass java/security/Provider$Service
instanceKlass sun/security/provider/NativePRNG$NonBlocking
instanceKlass sun/security/provider/NativePRNG$Blocking
instanceKlass sun/security/provider/NativePRNG
instanceKlass sun/security/provider/SunEntries$1
instanceKlass sun/security/provider/SunEntries
instanceKlass sun/security/util/SecurityConstants
instanceKlass java/security/Security$1
instanceKlass jdk/internal/access/JavaSecurityPropertiesAccess
instanceKlass java/util/concurrent/ConcurrentHashMap$MapEntry
instanceKlass  @bci java/security/Security <clinit> ()V 9 <appendix> argL0 ; # java/security/Security$$Lambda+0x00000001000f8bc0
instanceKlass java/security/Security
instanceKlass sun/security/jca/ProviderList$2
instanceKlass jdk/internal/math/FloatingDecimal$ASCIIToBinaryBuffer
instanceKlass jdk/internal/math/FloatingDecimal$PreparedASCIIToBinaryBuffer
instanceKlass jdk/internal/math/FloatingDecimal$ASCIIToBinaryConverter
instanceKlass jdk/internal/math/FloatingDecimal$BinaryToASCIIBuffer
instanceKlass jdk/internal/math/FloatingDecimal$ExceptionalBinaryToASCIIBuffer
instanceKlass jdk/internal/math/FloatingDecimal$BinaryToASCIIConverter
instanceKlass jdk/internal/math/FloatingDecimal
instanceKlass javax/security/auth/login/Configuration$Parameters
instanceKlass java/security/Policy$Parameters
instanceKlass java/security/cert/CertStoreParameters
instanceKlass java/security/SecureRandomParameters
instanceKlass java/security/Provider$EngineDescription
instanceKlass java/security/Provider$ServiceKey
instanceKlass sun/security/jca/ProviderConfig
instanceKlass sun/security/jca/ProviderList
instanceKlass sun/security/jca/Providers
instanceKlass  @bci sun/security/util/ManifestDigester <init> ([B)V 350 <appendix> argL0 ; # sun/security/util/ManifestDigester$$Lambda+0x00000001000f4570
instanceKlass sun/security/util/ManifestDigester$Section
instanceKlass sun/security/util/ManifestDigester$Entry
instanceKlass sun/security/util/ManifestDigester$Position
instanceKlass sun/security/util/ManifestDigester
instanceKlass sun/security/util/ManifestEntryVerifier
instanceKlass jdk/internal/misc/ThreadTracker
instanceKlass java/util/jar/JarFile$ThreadTrackHolder
instanceKlass java/io/PrintWriter$1
instanceKlass jdk/internal/access/JavaIOPrintWriterAccess
instanceKlass picocli/CommandLine$ParseResult$GroupValidationResult
# instanceKlass java/lang/invoke/LambdaForm$MH+0x000000010010a800
# instanceKlass java/lang/invoke/LambdaForm$MH+0x000000010010a400
instanceKlass  @bci jdk/internal/reflect/MethodHandleObjectFieldAccessorImpl set (Ljava/lang/Object;Ljava/lang/Object;)V 41 <adapter> ; # java/lang/invoke/LambdaForm$MH+0x000000010010a000
# instanceKlass java/lang/invoke/LambdaForm$MH+0x0000000100109c00
# instanceKlass java/lang/invoke/LambdaForm$MH+0x0000000100109800
instanceKlass  @bci jdk/internal/reflect/MethodHandleIntegerFieldAccessorImpl setInt (Ljava/lang/Object;I)V 41 <adapter> ; # java/lang/invoke/LambdaForm$MH+0x0000000100109400
instanceKlass  @bci jdk/internal/reflect/MethodHandleIntegerFieldAccessorImpl getInt (Ljava/lang/Object;)I 20 <adapter> ; # java/lang/invoke/LambdaForm$MH+0x0000000100109000
# instanceKlass java/lang/invoke/LambdaForm$MH+0x0000000100108c00
# instanceKlass java/lang/invoke/LambdaForm$BMH+0x0000000100108800
# instanceKlass java/lang/invoke/LambdaForm$DMH+0x0000000100108400
# instanceKlass java/lang/invoke/LambdaForm$MH+0x0000000100108000
instanceKlass picocli/CommandLine$ParseResult$GroupMatch
instanceKlass picocli/CommandLine$ParseResult$GroupMatchContainer
instanceKlass picocli/CommandLine$ParseResult$Builder
instanceKlass picocli/CommandLine$ParseResult
instanceKlass java/util/Collections$ReverseComparator2
instanceKlass java/util/Collections$ReverseComparator
instanceKlass picocli/CommandLine$Help$ShortestFirst
instanceKlass picocli/CommandLine$PositionalParametersSorter
instanceKlass java/util/Collections$UnmodifiableCollection$1
instanceKlass java/util/ResourceBundle
instanceKlass picocli/CommandLine$Model$Messages
instanceKlass picocli/CommandLine$AutoHelpMixin
instanceKlass sun/reflect/generics/tree/TypeVariableSignature
instanceKlass sun/reflect/generics/tree/ClassSignature
instanceKlass sun/reflect/generics/tree/Signature
instanceKlass sun/reflect/generics/tree/FormalTypeParameter
instanceKlass java/lang/reflect/TypeVariable
instanceKlass sun/reflect/generics/reflectiveObjects/ParameterizedTypeImpl
instanceKlass sun/reflect/generics/reflectiveObjects/LazyReflectiveObjectGenerator
instanceKlass java/lang/reflect/WildcardType
instanceKlass sun/reflect/generics/tree/Wildcard
instanceKlass sun/reflect/generics/tree/BottomSignature
instanceKlass sun/reflect/generics/repository/AbstractRepository
instanceKlass java/util/Collections$UnmodifiableMap$UnmodifiableEntrySet$UnmodifiableEntry
instanceKlass java/util/Collections$UnmodifiableMap$UnmodifiableEntrySet$1
instanceKlass picocli/CommandLine$Model$ObjectBinding
instanceKlass picocli/CommandLine$Model$ArgSpec$Builder
instanceKlass picocli/CommandLine$Model$FieldBinding
instanceKlass java/lang/reflect/ParameterizedType
instanceKlass picocli/CommandLine$Model$RuntimeTypeInfo
instanceKlass picocli/CommandLine$Model$ITypeInfo
instanceKlass picocli/CommandLine$Range
instanceKlass picocli/CommandLine$NullParameterConsumer
instanceKlass picocli/CommandLine$IParameterConsumer
instanceKlass picocli/CommandLine$NoCompletionCandidates
instanceKlass kotlin/annotation/MustBeDocumented
instanceKlass kotlin/jvm/JvmStatic
instanceKlass java/net/ServerSocket
instanceKlass picocli/CommandLine$Model$CommandReflection$1
instanceKlass picocli/CommandLine$Model$ObjectScope
instanceKlass picocli/CommandLine$Model
instanceKlass java/util/Collections$EmptyIterator
instanceKlass kotlin/annotation/Target
instanceKlass kotlin/annotation/Retention
instanceKlass kotlin/Metadata
instanceKlass org/bsplines/ltexls/tools/VersionProvider
instanceKlass picocli/CommandLine$NoOpModelTransformer
instanceKlass picocli/CommandLine$IModelTransformer
instanceKlass picocli/CommandLine$NoDefaultProvider
instanceKlass picocli/CommandLine$IDefaultValueProvider
instanceKlass  @bci sun/reflect/annotation/AnnotationParser parseClassArray (ILjava/nio/ByteBuffer;Ljdk/internal/reflect/ConstantPool;Ljava/lang/Class;)Ljava/lang/Object; 10 <appendix> member <vmtarget> ; # sun/reflect/annotation/AnnotationParser$$Lambda+0x00000001000eb4e8
instanceKlass picocli/CommandLine$NoVersionProvider
instanceKlass picocli/CommandLine$IVersionProvider
instanceKlass picocli/CommandLine$ParentCommand
instanceKlass picocli/CommandLine$Spec
instanceKlass picocli/CommandLine$Mixin
instanceKlass picocli/CommandLine$Unmatched
instanceKlass picocli/CommandLine$ArgGroup
instanceKlass picocli/CommandLine$Parameters
instanceKlass picocli/CommandLine$Option
instanceKlass picocli/CommandLine$Model$MethodBinding
instanceKlass picocli/CommandLine$Model$IScoped
instanceKlass picocli/CommandLine$Model$TypedMember
instanceKlass picocli/CommandLine$Model$IExtensible
instanceKlass picocli/CommandLine$3
instanceKlass jdk/internal/vm/annotation/IntrinsicCandidate
instanceKlass java/lang/annotation/Target
# instanceKlass java/lang/invoke/LambdaForm$MH+0x00000001000da400
instanceKlass java/lang/reflect/Proxy$ProxyBuilder$1
instanceKlass jdk/internal/org/objectweb/asm/Edge
instanceKlass  @bci java/lang/reflect/ProxyGenerator addProxyMethod (Ljava/lang/reflect/Method;Ljava/lang/Class;)V 23 <appendix> argL0 ; # java/lang/reflect/ProxyGenerator$$Lambda+0x00000001000e9f10
instanceKlass  @bci java/lang/reflect/ProxyGenerator addProxyMethod (Ljava/lang/reflect/ProxyGenerator$ProxyMethod;)V 10 <appendix> argL0 ; # java/lang/reflect/ProxyGenerator$$Lambda+0x00000001000e9cd0
instanceKlass java/util/StringJoiner
instanceKlass java/lang/reflect/ProxyGenerator$ProxyMethod
instanceKlass  @bci java/lang/reflect/Proxy getLoader (Ljava/lang/Module;)Ljava/lang/ClassLoader; 6 <appendix> member <vmtarget> ; # java/lang/reflect/Proxy$$Lambda+0x00000001000e9368
instanceKlass  @bci java/lang/WeakPairMap computeIfAbsent (Ljava/lang/Object;Ljava/lang/Object;Ljava/util/function/BiFunction;)Ljava/lang/Object; 18 <appendix> member <vmtarget> ; # java/lang/WeakPairMap$$Lambda+0x00000001000e8f10
instanceKlass  @bci java/lang/Module implAddExportsOrOpens (Ljava/lang/String;Ljava/lang/Module;ZZ)V 145 <appendix> argL0 ; # java/lang/Module$$Lambda+0x00000001000e8ce0
instanceKlass  @bci java/lang/module/ModuleDescriptor$Builder packages (Ljava/util/Set;)Ljava/lang/module/ModuleDescriptor$Builder; 17 <appendix> argL0 ; # java/lang/module/ModuleDescriptor$Builder$$Lambda+0x00000001000e8140
instanceKlass java/lang/WeakPairMap$Pair$Lookup
instanceKlass java/lang/WeakPairMap$Pair
instanceKlass java/lang/WeakPairMap
instanceKlass java/lang/Module$ReflectionData
instanceKlass java/util/function/Consumer
instanceKlass jdk/internal/module/Checks
instanceKlass java/lang/module/ModuleDescriptor$Builder
instanceKlass  @bci java/lang/reflect/Proxy$ProxyBuilder getDynamicModule (Ljava/lang/ClassLoader;)Ljava/lang/Module; 4 <appendix> argL0 ; # java/lang/reflect/Proxy$ProxyBuilder$$Lambda+0x00000001000e70b0
instanceKlass java/lang/PublicMethods
instanceKlass java/lang/reflect/Proxy$ProxyBuilder
instanceKlass  @bci java/lang/reflect/Proxy getProxyConstructor (Ljava/lang/Class;Ljava/lang/ClassLoader;[Ljava/lang/Class;)Ljava/lang/reflect/Constructor; 35 <appendix> argL0 ; # java/lang/reflect/Proxy$$Lambda+0x00000001000e5de0
instanceKlass java/lang/reflect/Proxy
instanceKlass sun/reflect/annotation/AnnotationInvocationHandler
instanceKlass sun/reflect/annotation/AnnotationParser$1
# instanceKlass java/lang/invoke/LambdaForm$MH+0x00000001000da000
instanceKlass java/lang/Class$3
instanceKlass java/lang/annotation/Documented
instanceKlass java/lang/annotation/Inherited
instanceKlass java/lang/annotation/Retention
instanceKlass sun/reflect/annotation/ExceptionProxy
instanceKlass sun/reflect/annotation/AnnotationType$1
instanceKlass sun/reflect/annotation/AnnotationType
instanceKlass java/lang/reflect/GenericArrayType
instanceKlass java/lang/Deprecated
instanceKlass sun/reflect/generics/visitor/Reifier
instanceKlass sun/reflect/generics/visitor/TypeTreeVisitor
instanceKlass sun/reflect/generics/factory/CoreReflectionFactory
instanceKlass sun/reflect/generics/factory/GenericsFactory
instanceKlass sun/reflect/generics/scope/AbstractScope
instanceKlass sun/reflect/generics/scope/Scope
instanceKlass sun/reflect/generics/tree/ClassTypeSignature
instanceKlass sun/reflect/generics/tree/SimpleClassTypeSignature
instanceKlass sun/reflect/generics/tree/FieldTypeSignature
instanceKlass sun/reflect/generics/tree/BaseType
instanceKlass sun/reflect/generics/tree/TypeSignature
instanceKlass sun/reflect/generics/tree/ReturnType
instanceKlass sun/reflect/generics/tree/TypeArgument
instanceKlass sun/reflect/generics/tree/TypeTree
instanceKlass sun/reflect/generics/tree/Tree
instanceKlass sun/reflect/generics/parser/SignatureParser
instanceKlass java/util/Arrays$ArrayItr
instanceKlass java/lang/Class$AnnotationData
instanceKlass java/util/Vector$Itr
instanceKlass picocli/CommandLine$NoOpParameterPreprocessor
instanceKlass  @bci java/util/regex/CharPredicates ASCII_WORD ()Ljava/util/regex/Pattern$BmpCharPredicate; 0 <appendix> argL0 ; # java/util/regex/CharPredicates$$Lambda+0x00000001000beca0
instanceKlass picocli/CommandLine$RegexTransformer$Builder
instanceKlass picocli/CommandLine$Model$UsageMessageSpec$19
instanceKlass picocli/CommandLine$Model$UsageMessageSpec$18
instanceKlass picocli/CommandLine$Model$UsageMessageSpec$17
instanceKlass picocli/CommandLine$Model$UsageMessageSpec$16
instanceKlass picocli/CommandLine$Model$UsageMessageSpec$15
instanceKlass picocli/CommandLine$Model$UsageMessageSpec$14
instanceKlass picocli/CommandLine$Model$UsageMessageSpec$13
instanceKlass picocli/CommandLine$Model$UsageMessageSpec$12
instanceKlass picocli/CommandLine$Model$UsageMessageSpec$11
instanceKlass picocli/CommandLine$Model$UsageMessageSpec$10
instanceKlass picocli/CommandLine$Model$UsageMessageSpec$9
instanceKlass picocli/CommandLine$Model$UsageMessageSpec$8
instanceKlass picocli/CommandLine$Model$UsageMessageSpec$7
instanceKlass picocli/CommandLine$Model$UsageMessageSpec$6
instanceKlass picocli/CommandLine$Model$UsageMessageSpec$5
instanceKlass picocli/CommandLine$Model$UsageMessageSpec$4
instanceKlass picocli/CommandLine$Model$UsageMessageSpec$3
instanceKlass picocli/CommandLine$Model$UsageMessageSpec$2
instanceKlass picocli/CommandLine$IHelpSectionRenderer
instanceKlass picocli/CommandLine$IHelpFactory
instanceKlass picocli/CommandLine$Model$UsageMessageSpec
instanceKlass picocli/CommandLine$Model$Interpolator$4
instanceKlass picocli/CommandLine$Model$Interpolator$3
instanceKlass picocli/CommandLine$Model$Interpolator$2
instanceKlass picocli/CommandLine$Model$Interpolator$1
instanceKlass picocli/CommandLine$Model$Interpolator$ILookup
instanceKlass picocli/CommandLine$Model$Interpolator
instanceKlass picocli/CommandLine$Model$ParserSpec
instanceKlass java/lang/reflect/InvocationHandler
instanceKlass picocli/CommandLine$Model$CommandUserObject
instanceKlass picocli/CommandLine$Model$IAnnotatedElement
instanceKlass picocli/CommandLine$Model$Predicate
instanceKlass picocli/CommandLine$Command
instanceKlass picocli/CommandLine$Model$IScope
instanceKlass picocli/CommandLine$Model$ISetter
instanceKlass picocli/CommandLine$Model$IGetter
instanceKlass picocli/CommandLine$Model$CommandReflection
instanceKlass picocli/CommandLine$IParameterPreprocessor
instanceKlass picocli/CommandLine$Model$CommandSpec
instanceKlass java/time/zone/ZoneRules
instanceKlass java/time/YearMonth
instanceKlass java/time/Year
instanceKlass  @bci java/util/regex/Pattern CIRange (II)Ljava/util/regex/Pattern$CharPredicate; 2 <appendix> member <vmtarget> ; # java/util/regex/Pattern$$Lambda+0x00000001000bd700
instanceKlass  @bci java/util/regex/Pattern SingleI (II)Ljava/util/regex/Pattern$BmpCharPredicate; 2 <appendix> member <vmtarget> ; # java/util/regex/Pattern$$Lambda+0x00000001000bd470
instanceKlass java/io/ObjectOutput
instanceKlass  @bci java/time/ZoneOffset ofTotalSeconds (I)Ljava/time/ZoneOffset; 37 <appendix> argL0 ; # java/time/ZoneOffset$$Lambda+0x00000001000bd030
instanceKlass  @bci java/time/format/DateTimeFormatter <clinit> ()V 1075 <appendix> argL0 ; # java/time/format/DateTimeFormatter$$Lambda+0x00000001000bce10
instanceKlass  @bci java/time/format/DateTimeFormatter <clinit> ()V 1067 <appendix> argL0 ; # java/time/format/DateTimeFormatter$$Lambda+0x00000001000bcbf0
instanceKlass java/time/format/DateTimeFormatterBuilder$TextPrinterParser
instanceKlass java/time/format/DateTimeTextProvider$1
instanceKlass java/time/format/DateTimeTextProvider
instanceKlass java/util/LinkedHashMap$LinkedHashIterator
instanceKlass java/util/Collections$1
instanceKlass java/util/AbstractMap$SimpleImmutableEntry
instanceKlass java/time/format/DateTimeTextProvider$LocaleStore
instanceKlass java/lang/Long$LongCache
instanceKlass java/time/format/DateTimeFormatterBuilder$InstantPrinterParser
instanceKlass java/time/format/DateTimeFormatterBuilder$ZoneIdPrinterParser
instanceKlass java/time/format/DateTimeFormatterBuilder$OffsetIdPrinterParser
instanceKlass java/time/format/DecimalStyle
instanceKlass java/time/format/DateTimeFormatterBuilder$CompositePrinterParser
instanceKlass java/time/format/DateTimeFormatterBuilder$CharLiteralPrinterParser
instanceKlass java/time/format/DateTimeFormatterBuilder$NumberPrinterParser
instanceKlass java/time/format/DateTimeFormatterBuilder$StringLiteralPrinterParser
instanceKlass java/time/format/DateTimeFormatterBuilder$DateTimePrinterParser
instanceKlass java/time/temporal/JulianFields
instanceKlass java/time/temporal/IsoFields
instanceKlass java/util/regex/ASCII
instanceKlass  @bci java/time/format/DateTimeFormatterBuilder <clinit> ()V 0 <appendix> argL0 ; # java/time/format/DateTimeFormatterBuilder$$Lambda+0x00000001000b5510
instanceKlass java/time/format/DateTimeFormatterBuilder
instanceKlass java/time/MonthDay
instanceKlass java/time/chrono/AbstractChronology
instanceKlass java/time/chrono/Chronology
instanceKlass java/time/chrono/Era
instanceKlass java/time/Period
instanceKlass java/time/chrono/ChronoPeriod
instanceKlass java/time/OffsetTime
instanceKlass java/time/LocalTime
instanceKlass java/time/format/DateTimeFormatter
instanceKlass java/time/LocalDate
instanceKlass java/time/chrono/ChronoLocalDate
instanceKlass java/time/OffsetDateTime
instanceKlass java/time/ZonedDateTime
instanceKlass java/time/chrono/ChronoZonedDateTime
instanceKlass java/time/ZoneId
instanceKlass java/time/Clock
instanceKlass java/time/InstantSource
instanceKlass java/time/temporal/ValueRange
instanceKlass java/time/temporal/TemporalQuery
instanceKlass java/time/temporal/TemporalField
instanceKlass java/io/ObjectStreamConstants
instanceKlass java/io/ObjectInput
instanceKlass java/time/temporal/TemporalUnit
instanceKlass java/time/Duration
instanceKlass java/time/temporal/TemporalAmount
instanceKlass java/time/Instant
instanceKlass java/time/LocalDateTime
instanceKlass java/time/chrono/ChronoLocalDateTime
instanceKlass java/time/temporal/TemporalAdjuster
instanceKlass java/time/temporal/Temporal
instanceKlass java/time/temporal/TemporalAccessor
instanceKlass picocli/CommandLine$BuiltIn$ReflectionConverter
instanceKlass java/sql/DriverAction
instanceKlass java/util/stream/Stream
instanceKlass java/util/stream/BaseStream
instanceKlass java/sql/Driver
instanceKlass java/sql/DriverManager
instanceKlass java/sql/Connection
instanceKlass java/sql/Wrapper
instanceKlass picocli/CommandLine$BuiltIn$ISO8601TimeConverter
instanceKlass sun/util/calendar/CalendarSystem$GregorianHolder
instanceKlass sun/util/calendar/CalendarSystem
instanceKlass jdk/internal/jimage/decompressor/ZipDecompressor
instanceKlass jdk/internal/jimage/decompressor/ResourceDecompressor
instanceKlass jdk/internal/jimage/decompressor/ResourceDecompressorFactory
instanceKlass jdk/internal/jimage/decompressor/ResourceDecompressorRepository
instanceKlass jdk/internal/jimage/decompressor/CompressedResourceHeader
instanceKlass  @bci jdk/internal/jimage/BasicImageReader getResourceBuffer (Ljdk/internal/jimage/ImageLocation;)Ljava/nio/ByteBuffer; 168 <appendix> member <vmtarget> ; # jdk/internal/jimage/BasicImageReader$$Lambda+0x00000001000aabc0
instanceKlass jdk/internal/jimage/decompressor/ResourceDecompressor$StringsProvider
instanceKlass java/util/TimSort
instanceKlass java/util/Arrays$LegacyMergeSort
instanceKlass java/util/AbstractMap$SimpleEntry
instanceKlass jdk/internal/jimage/ImageBufferCache$2
instanceKlass jdk/internal/jimage/ImageBufferCache
instanceKlass jdk/internal/module/ModulePatcher$PatchedModuleReader
instanceKlass picocli/CommandLine$BuiltIn
instanceKlass picocli/CommandLine$BuiltIn$NetworkInterfaceConverter
instanceKlass java/net/NetworkInterface
instanceKlass picocli/CommandLine$BuiltIn$ClassConverter
instanceKlass picocli/CommandLine$BuiltIn$ByteOrderConverter
instanceKlass picocli/CommandLine$BuiltIn$TimeZoneConverter
instanceKlass java/util/TimeZone
instanceKlass picocli/CommandLine$BuiltIn$CurrencyConverter
instanceKlass java/util/Currency
instanceKlass picocli/CommandLine$BuiltIn$UUIDConverter
instanceKlass java/util/UUID
instanceKlass picocli/CommandLine$BuiltIn$PatternConverter
instanceKlass picocli/CommandLine$BuiltIn$InetAddressConverter
instanceKlass java/net/InetAddress
instanceKlass picocli/CommandLine$BuiltIn$CharsetConverter
instanceKlass picocli/CommandLine$BuiltIn$BigIntegerConverter
instanceKlass picocli/CommandLine$BuiltIn$BigDecimalConverter
instanceKlass picocli/CommandLine$BuiltIn$ISO8601DateConverter
instanceKlass java/util/Date
instanceKlass picocli/CommandLine$BuiltIn$URLConverter
instanceKlass picocli/CommandLine$BuiltIn$URIConverter
instanceKlass picocli/CommandLine$BuiltIn$FileConverter
instanceKlass picocli/CommandLine$BuiltIn$DoubleConverter
instanceKlass picocli/CommandLine$BuiltIn$FloatConverter
instanceKlass picocli/CommandLine$BuiltIn$LongConverter
instanceKlass picocli/CommandLine$BuiltIn$IntegerConverter
instanceKlass picocli/CommandLine$BuiltIn$ShortConverter
instanceKlass picocli/CommandLine$BuiltIn$CharacterConverter
instanceKlass picocli/CommandLine$BuiltIn$BooleanConverter
instanceKlass picocli/CommandLine$BuiltIn$ByteConverter
instanceKlass picocli/CommandLine$BuiltIn$CharSequenceConverter
instanceKlass picocli/CommandLine$BuiltIn$CharArrayConverter
instanceKlass picocli/CommandLine$BuiltIn$StringBuilderConverter
instanceKlass picocli/CommandLine$BuiltIn$StringConverter
instanceKlass java/io/StreamTokenizer
instanceKlass java/io/Reader
instanceKlass picocli/CommandLine$ITypeConverter
instanceKlass picocli/CommandLine$Interpreter
instanceKlass picocli/CommandLine$2
instanceKlass picocli/CommandLine$1
instanceKlass picocli/CommandLine$AbstractHandler
instanceKlass picocli/CommandLine$IParseResultHandler
instanceKlass java/util/Collections$UnmodifiableCollection
instanceKlass picocli/CommandLine$Help$ColorScheme$1
instanceKlass picocli/CommandLine$Help$ColorScheme
instanceKlass picocli/CommandLine$Help$Ansi$IStyle
instanceKlass picocli/CommandLine$Assert
instanceKlass picocli/CommandLine$Help$ColorScheme$Builder
instanceKlass picocli/CommandLine$Help$IParameterRenderer
instanceKlass picocli/CommandLine$Help$IOptionRenderer
instanceKlass picocli/CommandLine$Help$IParamLabelRenderer
instanceKlass picocli/CommandLine$Model$IOrdered
instanceKlass picocli/CommandLine$Model$ArgSpec
instanceKlass picocli/CommandLine$RegexTransformer
instanceKlass picocli/CommandLine$INegatableOptionTransformer
instanceKlass picocli/CommandLine$Help
instanceKlass picocli/CommandLine$Help$Ansi$Text
instanceKlass picocli/CommandLine$DefaultFactory
instanceKlass kotlin/collections/AbstractList$Companion
instanceKlass kotlin/collections/AbstractCollection
instanceKlass kotlin/enums/EnumEntries
instanceKlass kotlin/jvm/internal/markers/KMappedMarker
instanceKlass kotlin/enums/EnumEntriesKt
instanceKlass picocli/CommandLine$Tracer
instanceKlass picocli/CommandLine$IExecutionExceptionHandler
instanceKlass picocli/CommandLine$IParameterExceptionHandler
instanceKlass picocli/CommandLine$IExecutionStrategy
instanceKlass picocli/CommandLine$IParseResultHandler2
instanceKlass picocli/CommandLine$IExceptionHandler
instanceKlass picocli/CommandLine$IExceptionHandler2
instanceKlass picocli/CommandLine$IFactory
instanceKlass picocli/CommandLine
instanceKlass org/fusesource/jansi/io/AnsiOutputStream$ZeroWidthSupplier
instanceKlass java/util/IdentityHashMap$IdentityHashMapIterator
instanceKlass java/io/FileInputStream$1
instanceKlass java/lang/Shutdown$Lock
instanceKlass java/lang/Shutdown
instanceKlass java/io/DeleteOnExitHook$1
instanceKlass java/io/DeleteOnExitHook
instanceKlass sun/nio/ch/Util$BufferCache
instanceKlass java/nio/channels/NetworkChannel
instanceKlass sun/nio/ch/SelChImpl
instanceKlass sun/nio/ch/Streams
instanceKlass java/nio/channels/Channels
instanceKlass java/io/FileOutputStream$1
instanceKlass java/util/regex/IntHashSet
instanceKlass java/util/regex/Matcher
instanceKlass java/util/regex/MatchResult
# instanceKlass java/util/regex/Pattern$$Lambda+0x000000010009fca8
instanceKlass  @bci java/util/regex/Pattern negate (Ljava/util/regex/Pattern$CharPredicate;)Ljava/util/regex/Pattern$CharPredicate; 1 <appendix> member <vmtarget> ; # java/util/regex/Pattern$$Lambda+0x000000010009fa40
instanceKlass java/util/Properties$LineReader
instanceKlass sun/net/www/MessageHeader
instanceKlass sun/net/www/protocol/jar/JarFileFactory
instanceKlass sun/net/www/protocol/jar/URLJarFile$URLJarFileCloseController
instanceKlass java/net/URLConnection
instanceKlass java/util/Random
instanceKlass java/util/random/RandomGenerator
instanceKlass jdk/internal/jimage/ImageLocation
instanceKlass jdk/internal/jimage/decompressor/Decompressor
instanceKlass jdk/internal/jimage/ImageStringsReader
instanceKlass jdk/internal/jimage/ImageStrings
instanceKlass jdk/internal/jimage/ImageHeader
# instanceKlass java/lang/invoke/LambdaForm$MH+0x00000001000c6400
# instanceKlass java/lang/invoke/LambdaForm$MH+0x00000001000c6000
# instanceKlass java/lang/invoke/LambdaForm$DMH+0x00000001000c5c00
# instanceKlass java/lang/invoke/LambdaForm$DMH+0x00000001000c5800
# instanceKlass java/lang/invoke/LambdaForm$DMH+0x00000001000c5400
instanceKlass java/lang/ClassValue$Version
instanceKlass java/lang/ClassValue$Identity
instanceKlass java/lang/ClassValue
instanceKlass java/lang/invoke/MethodHandleImpl$ArrayAccessor
instanceKlass java/lang/invoke/MethodHandleImpl$LoopClauses
instanceKlass java/lang/invoke/MethodHandleImpl$CasesHolder
# instanceKlass java/lang/invoke/LambdaForm$MH+0x00000001000c5000
# instanceKlass java/lang/invoke/LambdaForm$MH+0x00000001000c4c00
# instanceKlass java/lang/invoke/LambdaForm$MH+0x00000001000c4800
# instanceKlass java/lang/invoke/LambdaForm$MH+0x00000001000c4400
# instanceKlass java/lang/invoke/LambdaForm$MH+0x00000001000c4000
# instanceKlass java/lang/invoke/LambdaForm$MH+0x00000001000c3c00
# instanceKlass java/lang/invoke/LambdaForm$DMH+0x00000001000c3800
# instanceKlass java/lang/invoke/LambdaForm$BMH+0x00000001000c3400
# instanceKlass java/lang/invoke/LambdaForm$DMH+0x00000001000c3000
# instanceKlass java/lang/invoke/LambdaForm$MH+0x00000001000c2c00
# instanceKlass java/lang/invoke/LambdaForm$DMH+0x00000001000c2800
# instanceKlass java/lang/invoke/LambdaForm$MH+0x00000001000c2400
# instanceKlass java/lang/invoke/LambdaForm$DMH+0x00000001000c2000
instanceKlass java/lang/invoke/ClassSpecializer$Factory$1Var
instanceKlass java/lang/invoke/MethodHandles$1
# instanceKlass java/lang/invoke/LambdaForm$DMH+0x00000001000c1c00
instanceKlass sun/invoke/util/ValueConversions$1
instanceKlass sun/invoke/util/ValueConversions$WrapperCache
# instanceKlass java/lang/invoke/LambdaForm$DMH+0x00000001000c1800
instanceKlass sun/nio/ch/Util$4
instanceKlass sun/nio/ch/Util
instanceKlass sun/nio/ch/FileChannelImpl$Unmapper
instanceKlass jdk/internal/access/foreign/UnmapperProxy
instanceKlass  @bci jdk/internal/misc/ExtendedMapMode <clinit> ()V 0 <appendix> argL0 ; # jdk/internal/misc/ExtendedMapMode$$Lambda+0x0000000100096678
instanceKlass jdk/internal/misc/ExtendedMapMode
instanceKlass sun/nio/ch/IOStatus
instanceKlass sun/nio/ch/NativeThread
# instanceKlass java/lang/invoke/LambdaForm$MH+0x00000001000c1400
# instanceKlass java/lang/invoke/LambdaForm$MH+0x00000001000c1000
instanceKlass  @bci org/languagetool/rules/patterns/AbstractPatternRule <init> (Ljava/lang/String;Ljava/lang/String;Lorg/languagetool/Language;Ljava/util/List;Z)V 40 <appendix> form vmentry <vmtarget> ; # java/lang/invoke/LambdaForm$MH+0x00000001000c0c00
# instanceKlass java/lang/invoke/LambdaForm$DMH+0x00000001000c0800
instanceKlass  @cpi java/security/spec/EncodedKeySpec 79 form vmentry <vmtarget> ; # java/lang/invoke/LambdaForm$DMH+0x00000001000c0400
instanceKlass jdk/internal/reflect/MethodHandleAccessorFactory$LazyStaticHolder
instanceKlass sun/reflect/annotation/AnnotationParser
instanceKlass java/lang/foreign/MemorySegment
instanceKlass java/lang/foreign/Arena
instanceKlass java/lang/foreign/SegmentAllocator
instanceKlass java/nio/channels/FileChannel$MapMode
instanceKlass java/nio/channels/FileLock
instanceKlass jdk/internal/jimage/BasicImageReader$2
instanceKlass sun/nio/ch/FileChannelImpl$Closer
instanceKlass sun/nio/ch/NativeThreadSet
instanceKlass sun/nio/ch/IOUtil
instanceKlass sun/nio/ch/NativeDispatcher
instanceKlass sun/nio/fs/WindowsChannelFactory$2
instanceKlass java/util/Formatter$Flags
instanceKlass java/util/Formattable
instanceKlass sun/nio/fs/WindowsChannelFactory$Flags
instanceKlass sun/nio/fs/WindowsChannelFactory$1
instanceKlass sun/nio/fs/WindowsChannelFactory
instanceKlass java/util/Formatter$FormatSpecifier
instanceKlass sun/nio/fs/WindowsSecurityDescriptor
instanceKlass java/util/Formatter$Conversion
instanceKlass java/nio/file/attribute/FileAttribute
instanceKlass java/util/Formatter$FixedString
instanceKlass java/util/Formatter$FormatString
instanceKlass java/nio/channels/spi/AbstractInterruptibleChannel
instanceKlass java/nio/channels/InterruptibleChannel
instanceKlass java/nio/channels/ScatteringByteChannel
instanceKlass java/nio/channels/GatheringByteChannel
instanceKlass java/nio/channels/SeekableByteChannel
instanceKlass java/nio/channels/ByteChannel
instanceKlass java/nio/channels/WritableByteChannel
instanceKlass java/util/regex/Pattern$TreeInfo
instanceKlass  @bci java/util/regex/Pattern union (Ljava/util/regex/Pattern$CharPredicate;Ljava/util/regex/Pattern$CharPredicate;Z)Ljava/util/regex/Pattern$CharPredicate; 6 <appendix> member <vmtarget> ; # java/util/regex/Pattern$$Lambda+0x000000010008ed00
instanceKlass  @bci java/util/regex/Pattern Range (II)Ljava/util/regex/Pattern$CharPredicate; 23 <appendix> member <vmtarget> ; # java/util/regex/Pattern$$Lambda+0x000000010008e870
instanceKlass java/nio/channels/ReadableByteChannel
instanceKlass java/nio/channels/Channel
instanceKlass java/util/regex/Pattern$BitClass
instanceKlass  @bci java/util/regex/CharPredicates ASCII_DIGIT ()Ljava/util/regex/Pattern$BmpCharPredicate; 0 <appendix> argL0 ; # java/util/regex/CharPredicates$$Lambda+0x000000010008d030
instanceKlass java/util/regex/CharPredicates
instanceKlass jdk/internal/jimage/NativeImageBuffer$1
instanceKlass jdk/internal/jimage/NativeImageBuffer
instanceKlass jdk/internal/jimage/BasicImageReader$1
instanceKlass jdk/internal/jimage/BasicImageReader
instanceKlass  @bci java/util/regex/Pattern Single (I)Ljava/util/regex/Pattern$BmpCharPredicate; 1 <appendix> member <vmtarget> ; # java/util/regex/Pattern$$Lambda+0x000000010008b910
instanceKlass jdk/internal/jimage/ImageReader
instanceKlass java/util/regex/Pattern$BmpCharPredicate
instanceKlass java/util/regex/Pattern$CharPredicate
instanceKlass java/util/regex/Pattern$Node
instanceKlass jdk/internal/jimage/ImageReaderFactory$1
instanceKlass java/util/regex/Pattern
instanceKlass java/net/URI$Parser
instanceKlass java/nio/file/FileSystems$DefaultFileSystemHolder$1
instanceKlass java/nio/file/FileSystems$DefaultFileSystemHolder
instanceKlass java/nio/file/FileSystems
instanceKlass java/nio/file/Paths
instanceKlass jdk/internal/jimage/ImageReaderFactory
instanceKlass java/util/Formatter
instanceKlass jdk/internal/module/SystemModuleFinders$SystemImage
instanceKlass jdk/internal/module/SystemModuleFinders$SystemModuleReader
instanceKlass java/lang/module/ModuleReader
instanceKlass jdk/internal/loader/BuiltinClassLoader$5
instanceKlass jdk/internal/loader/BuiltinClassLoader$2
instanceKlass jdk/internal/module/Resources
instanceKlass org/fusesource/jansi/internal/OSInfo
instanceKlass org/fusesource/jansi/internal/JansiLoader$1
instanceKlass  @bci tech/units/indriya/AbstractConverter concatenate (Ljavax/measure/UnitConverter;)Ljavax/measure/UnitConverter; 21 <appendix> form vmentry <vmtarget> ; # java/lang/invoke/LambdaForm$MH+0x00000001000c0000
instanceKlass jdk/internal/org/objectweb/asm/FieldVisitor
instanceKlass java/util/ArrayList$Itr
instanceKlass java/lang/invoke/InvokerBytecodeGenerator$ClassData
instanceKlass jdk/internal/org/objectweb/asm/Frame
instanceKlass java/lang/invoke/LambdaFormBuffer
instanceKlass java/lang/invoke/LambdaFormEditor$TransformKey
instanceKlass java/lang/invoke/LambdaFormEditor
instanceKlass java/lang/invoke/DelegatingMethodHandle$Holder
instanceKlass java/lang/invoke/DirectMethodHandle$2
instanceKlass java/lang/invoke/ClassSpecializer$Factory
instanceKlass java/lang/invoke/ClassSpecializer$SpeciesData
instanceKlass java/lang/invoke/ClassSpecializer$1
instanceKlass java/lang/invoke/ClassSpecializer
instanceKlass sun/invoke/empty/Empty
instanceKlass sun/invoke/util/VerifyType
instanceKlass  @bci org/fusesource/jansi/internal/JansiLoader initialize ()Z 10 <appendix> argL0 ; # org/fusesource/jansi/internal/JansiLoader$$Lambda+0x0000000100002890
instanceKlass java/lang/invoke/MethodHandles$Lookup$ClassDefiner
instanceKlass java/lang/invoke/MethodHandles$Lookup$ClassFile
instanceKlass jdk/internal/org/objectweb/asm/AnnotationVisitor
instanceKlass jdk/internal/org/objectweb/asm/Attribute
instanceKlass jdk/internal/org/objectweb/asm/Handler
instanceKlass jdk/internal/org/objectweb/asm/Label
instanceKlass jdk/internal/org/objectweb/asm/MethodVisitor
instanceKlass java/lang/invoke/LambdaProxyClassArchive
instanceKlass jdk/internal/org/objectweb/asm/ByteVector
instanceKlass jdk/internal/org/objectweb/asm/Symbol
instanceKlass jdk/internal/org/objectweb/asm/SymbolTable
instanceKlass jdk/internal/org/objectweb/asm/ClassVisitor
instanceKlass java/lang/invoke/InfoFromMemberName
instanceKlass java/lang/invoke/MethodHandleInfo
instanceKlass jdk/internal/org/objectweb/asm/ConstantDynamic
instanceKlass sun/invoke/util/BytecodeDescriptor
instanceKlass jdk/internal/org/objectweb/asm/Handle
instanceKlass sun/security/action/GetBooleanAction
instanceKlass jdk/internal/org/objectweb/asm/Type
instanceKlass java/lang/invoke/AbstractValidatingLambdaMetafactory
instanceKlass java/lang/invoke/MethodHandleImpl$1
instanceKlass jdk/internal/access/JavaLangInvokeAccess
instanceKlass java/lang/invoke/Invokers$Holder
instanceKlass java/lang/invoke/BootstrapMethodInvoker
instanceKlass java/lang/invoke/InvokerBytecodeGenerator$1
instanceKlass java/lang/invoke/InvokerBytecodeGenerator
instanceKlass java/lang/invoke/LambdaForm$Holder
instanceKlass java/lang/invoke/LambdaForm$Name
instanceKlass java/lang/invoke/Invokers
instanceKlass java/lang/invoke/MethodHandleImpl
instanceKlass sun/invoke/util/ValueConversions
instanceKlass java/lang/invoke/DirectMethodHandle$Holder
instanceKlass java/lang/invoke/LambdaForm$NamedFunction
instanceKlass sun/invoke/util/Wrapper$Format
instanceKlass java/lang/invoke/MethodTypeForm
instanceKlass jdk/internal/util/StrongReferenceKey
instanceKlass jdk/internal/util/ReferenceKey
instanceKlass jdk/internal/util/ReferencedKeyMap
instanceKlass java/lang/invoke/MethodType$1
instanceKlass java/lang/invoke/LambdaMetafactory
instanceKlass java/io/FilenameFilter
instanceKlass org/fusesource/jansi/internal/JansiLoader
instanceKlass org/fusesource/jansi/internal/CLibrary
instanceKlass java/lang/ProcessEnvironment$CheckedEntry
instanceKlass java/lang/ProcessEnvironment$CheckedEntrySet$1
instanceKlass java/lang/ProcessEnvironment$EntryComparator
instanceKlass java/lang/ProcessEnvironment$NameComparator
instanceKlass org/fusesource/jansi/io/AnsiProcessor
instanceKlass org/fusesource/jansi/io/AnsiOutputStream$WidthSupplier
instanceKlass org/fusesource/jansi/AnsiConsole
instanceKlass kotlin/jvm/internal/Intrinsics
instanceKlass org/bsplines/ltexls/LtexLanguageServerLauncher$Companion
instanceKlass java/lang/Void
instanceKlass java/lang/PublicMethods$Key
instanceKlass java/lang/PublicMethods$MethodList
instanceKlass jdk/internal/misc/PreviewFeatures
instanceKlass jdk/internal/misc/MainMethodFinder
instanceKlass org/bsplines/ltexls/LtexLanguageServerLauncher
instanceKlass java/util/concurrent/Callable
instanceKlass java/security/SecureClassLoader$DebugHolder
instanceKlass java/security/Permission
instanceKlass java/security/Guard
instanceKlass java/security/PermissionCollection
instanceKlass java/security/SecureClassLoader$1
instanceKlass java/util/zip/Checksum$1
instanceKlass java/util/zip/CRC32
instanceKlass java/util/zip/Checksum
instanceKlass sun/nio/ByteBuffered
instanceKlass java/lang/Package$VersionInfo
instanceKlass java/lang/NamedPackage
instanceKlass jdk/internal/loader/Resource
instanceKlass java/util/StringTokenizer
instanceKlass java/util/jar/JarVerifier
instanceKlass java/lang/reflect/Array
instanceKlass java/util/jar/Attributes$Name
instanceKlass java/util/jar/Attributes
instanceKlass java/util/TreeMap$PrivateEntryIterator
instanceKlass java/util/TreeMap$Entry
instanceKlass java/util/NavigableMap
instanceKlass java/util/SortedMap
instanceKlass java/util/SequencedMap
instanceKlass java/util/NavigableSet
instanceKlass java/util/SortedSet
instanceKlass java/util/SequencedSet
instanceKlass sun/security/action/GetIntegerAction
instanceKlass sun/security/util/Debug
instanceKlass sun/security/util/SignatureFileVerifier
instanceKlass java/util/zip/ZipFile$InflaterCleanupAction
instanceKlass java/util/zip/Inflater$InflaterZStreamRef
instanceKlass java/util/zip/Inflater
instanceKlass java/util/zip/ZipEntry
instanceKlass java/util/zip/ZipFile$2
instanceKlass java/nio/Bits$1
instanceKlass jdk/internal/misc/VM$BufferPool
instanceKlass java/nio/Bits
instanceKlass sun/nio/ch/DirectBuffer
instanceKlass jdk/internal/perf/PerfCounter$CoreCounters
instanceKlass jdk/internal/perf/Perf
instanceKlass jdk/internal/perf/Perf$GetPerfAction
instanceKlass jdk/internal/perf/PerfCounter
instanceKlass sun/util/locale/LocaleObjectCache
instanceKlass sun/util/locale/BaseLocale$Key
instanceKlass sun/util/locale/LocaleUtils
instanceKlass sun/util/locale/BaseLocale
instanceKlass java/util/Locale
instanceKlass java/nio/file/attribute/FileTime
instanceKlass java/util/zip/ZipUtils
instanceKlass java/util/zip/ZipFile$Source$End
instanceKlass java/io/RandomAccessFile$2
instanceKlass jdk/internal/access/JavaIORandomAccessFileAccess
instanceKlass java/io/RandomAccessFile
instanceKlass java/io/DataInput
instanceKlass java/io/DataOutput
instanceKlass sun/nio/fs/WindowsNativeDispatcher$CompletionStatus
instanceKlass sun/nio/fs/WindowsNativeDispatcher$AclInformation
instanceKlass sun/nio/fs/WindowsNativeDispatcher$Account
instanceKlass sun/nio/fs/WindowsNativeDispatcher$DiskFreeSpace
instanceKlass sun/nio/fs/WindowsNativeDispatcher$VolumeInformation
instanceKlass sun/nio/fs/WindowsNativeDispatcher$FirstStream
instanceKlass sun/nio/fs/WindowsNativeDispatcher$FirstFile
instanceKlass java/util/concurrent/ConcurrentHashMap$Traverser
instanceKlass java/util/Enumeration
instanceKlass jdk/internal/loader/NativeLibraries$3
instanceKlass jdk/internal/loader/NativeLibrary
instanceKlass java/util/ArrayDeque$DeqIterator
instanceKlass jdk/internal/loader/NativeLibraries$NativeLibraryContext$1
instanceKlass jdk/internal/loader/NativeLibraries$NativeLibraryContext
instanceKlass java/util/concurrent/ForkJoinPool$ManagedBlocker
instanceKlass jdk/internal/loader/NativeLibraries$2
instanceKlass java/util/concurrent/locks/AbstractQueuedSynchronizer$Node
instanceKlass jdk/internal/loader/NativeLibraries$1
instanceKlass jdk/internal/loader/NativeLibraries$LibraryPaths
instanceKlass sun/nio/fs/WindowsNativeDispatcher
instanceKlass sun/nio/fs/NativeBuffer$Deallocator
instanceKlass sun/nio/fs/NativeBuffer
instanceKlass java/lang/ThreadLocal$ThreadLocalMap
instanceKlass java/lang/ThreadLocal
instanceKlass sun/nio/fs/NativeBuffers
instanceKlass sun/nio/fs/WindowsFileAttributes
instanceKlass java/nio/file/attribute/DosFileAttributes
instanceKlass sun/nio/fs/AbstractBasicFileAttributeView
instanceKlass sun/nio/fs/DynamicFileAttributeView
instanceKlass sun/nio/fs/WindowsFileAttributeViews
instanceKlass sun/nio/fs/Util
instanceKlass java/nio/file/attribute/BasicFileAttributeView
instanceKlass java/nio/file/attribute/FileAttributeView
instanceKlass java/nio/file/attribute/AttributeView
instanceKlass java/nio/file/Files
instanceKlass java/nio/file/CopyOption
instanceKlass java/nio/file/attribute/BasicFileAttributes
instanceKlass sun/nio/fs/WindowsPath
instanceKlass java/nio/file/Path
instanceKlass java/nio/file/Watchable
instanceKlass java/util/zip/ZipFile$Source$Key
instanceKlass sun/nio/fs/WindowsPathParser$Result
instanceKlass sun/nio/fs/WindowsPathParser
instanceKlass java/nio/file/FileSystem
instanceKlass java/nio/file/OpenOption
instanceKlass java/nio/file/spi/FileSystemProvider
instanceKlass sun/nio/fs/DefaultFileSystemProvider
instanceKlass java/util/zip/ZipFile$Source
instanceKlass java/lang/ref/Cleaner$Cleanable
instanceKlass jdk/internal/ref/CleanerImpl
instanceKlass java/lang/ref/Cleaner$1
instanceKlass java/lang/ref/Cleaner
instanceKlass jdk/internal/ref/CleanerFactory$1
instanceKlass java/util/concurrent/ThreadFactory
instanceKlass jdk/internal/ref/CleanerFactory
instanceKlass java/util/zip/ZipCoder
instanceKlass java/util/zip/ZipFile$CleanableResource
instanceKlass java/lang/Runtime$Version
instanceKlass java/util/jar/JavaUtilJarAccessImpl
instanceKlass jdk/internal/access/JavaUtilJarAccess
instanceKlass java/nio/charset/CoderResult
instanceKlass java/lang/Readable
instanceKlass jdk/internal/loader/FileURLMapper
instanceKlass jdk/internal/loader/URLClassPath$JarLoader$1
instanceKlass java/util/zip/ZipFile$1
instanceKlass jdk/internal/access/JavaUtilZipFileAccess
instanceKlass java/util/zip/ZipFile
instanceKlass java/util/zip/ZipConstants
instanceKlass jdk/internal/loader/URLClassPath$Loader
instanceKlass jdk/internal/loader/URLClassPath$3
instanceKlass java/security/PrivilegedExceptionAction
instanceKlass sun/net/util/URLUtil
instanceKlass java/lang/StringCoding
instanceKlass java/nio/charset/CharsetDecoder
instanceKlass sun/nio/cs/ArrayDecoder
instanceKlass sun/launcher/LauncherHelper
instanceKlass java/lang/invoke/StringConcatFactory
instanceKlass java/lang/ModuleLayer$Controller
instanceKlass java/util/concurrent/CopyOnWriteArrayList
instanceKlass jdk/internal/module/ServicesCatalog$ServiceProvider
instanceKlass jdk/internal/loader/AbstractClassLoaderValue$Memoizer
instanceKlass java/util/ImmutableCollections$ListItr
instanceKlass java/util/ListIterator
instanceKlass java/lang/ModuleLayer
instanceKlass jdk/internal/module/ModuleLoaderMap$Modules
instanceKlass jdk/internal/module/ModuleLoaderMap$Mapper
instanceKlass jdk/internal/module/ModuleLoaderMap
instanceKlass java/util/AbstractMap$1$1
instanceKlass java/lang/module/ResolvedModule
instanceKlass java/lang/module/Configuration
instanceKlass jdk/internal/loader/BuiltinClassLoader$LoadedModule
instanceKlass jdk/internal/loader/AbstractClassLoaderValue
instanceKlass jdk/internal/module/ServicesCatalog
instanceKlass java/util/Deque
instanceKlass java/util/Queue
instanceKlass sun/net/util/IPAddressUtil$MASKS
instanceKlass sun/net/util/IPAddressUtil
instanceKlass java/net/URLStreamHandler
instanceKlass sun/net/www/ParseUtil
instanceKlass java/net/URL$3
instanceKlass jdk/internal/access/JavaNetURLAccess
instanceKlass java/net/URL$DefaultFactory
instanceKlass java/net/URLStreamHandlerFactory
instanceKlass jdk/internal/loader/URLClassPath
instanceKlass java/security/Principal
instanceKlass java/security/ProtectionDomain$Key
instanceKlass java/security/ProtectionDomain$JavaSecurityAccessImpl
instanceKlass jdk/internal/access/JavaSecurityAccess
instanceKlass java/lang/ClassLoader$ParallelLoaders
instanceKlass java/security/cert/Certificate
instanceKlass jdk/internal/loader/ArchivedClassLoaders
instanceKlass java/util/concurrent/ConcurrentHashMap$CollectionView
instanceKlass jdk/internal/loader/ClassLoaderHelper
instanceKlass jdk/internal/loader/NativeLibraries
instanceKlass java/lang/Module$EnableNativeAccess
instanceKlass jdk/internal/loader/BootLoader
instanceKlass java/util/Optional
instanceKlass jdk/internal/module/SystemModuleFinders$SystemModuleFinder
instanceKlass java/lang/module/ModuleFinder
instanceKlass jdk/internal/module/SystemModuleFinders$3
instanceKlass jdk/internal/module/ModuleHashes$HashSupplier
instanceKlass jdk/internal/module/SystemModuleFinders$2
instanceKlass java/util/function/Supplier
instanceKlass java/lang/module/ModuleReference
instanceKlass jdk/internal/module/ModuleResolution
instanceKlass java/util/Collections$UnmodifiableMap
instanceKlass jdk/internal/module/ModuleHashes$Builder
instanceKlass jdk/internal/module/ModuleHashes
instanceKlass jdk/internal/module/ModuleTarget
instanceKlass java/util/ImmutableCollections$Set12$1
instanceKlass java/lang/reflect/AccessFlag$18
instanceKlass java/lang/reflect/AccessFlag$17
instanceKlass java/lang/reflect/AccessFlag$16
instanceKlass java/lang/reflect/AccessFlag$15
instanceKlass java/lang/reflect/AccessFlag$14
instanceKlass java/lang/reflect/AccessFlag$13
instanceKlass java/lang/reflect/AccessFlag$12
instanceKlass java/lang/reflect/AccessFlag$11
instanceKlass java/lang/reflect/AccessFlag$10
instanceKlass java/lang/reflect/AccessFlag$9
instanceKlass java/lang/reflect/AccessFlag$8
instanceKlass java/lang/reflect/AccessFlag$7
instanceKlass java/lang/reflect/AccessFlag$6
instanceKlass java/lang/reflect/AccessFlag$5
instanceKlass java/lang/reflect/AccessFlag$4
instanceKlass java/lang/reflect/AccessFlag$3
instanceKlass java/lang/reflect/AccessFlag$2
instanceKlass java/lang/reflect/AccessFlag$1
instanceKlass java/lang/module/ModuleDescriptor$Version
instanceKlass java/lang/module/ModuleDescriptor$Provides
instanceKlass java/lang/module/ModuleDescriptor$Opens
instanceKlass java/util/ImmutableCollections$SetN$SetNIterator
instanceKlass java/lang/module/ModuleDescriptor$Exports
instanceKlass java/lang/module/ModuleDescriptor$Requires
instanceKlass jdk/internal/module/Builder
instanceKlass jdk/internal/module/SystemModules$default
instanceKlass jdk/internal/module/SystemModules
instanceKlass jdk/internal/module/SystemModulesMap
instanceKlass java/net/URI$1
instanceKlass jdk/internal/access/JavaNetUriAccess
instanceKlass java/net/URI
instanceKlass jdk/internal/module/SystemModuleFinders
instanceKlass jdk/internal/module/ArchivedModuleGraph
instanceKlass jdk/internal/module/ArchivedBootLayer
instanceKlass jdk/internal/module/ModuleBootstrap$Counters
instanceKlass jdk/internal/module/ModulePatcher
instanceKlass java/io/FileSystem
instanceKlass java/io/DefaultFileSystem
instanceKlass java/io/File
instanceKlass java/lang/module/ModuleDescriptor$1
instanceKlass jdk/internal/access/JavaLangModuleAccess
instanceKlass sun/invoke/util/VerifyAccess
instanceKlass java/util/KeyValueHolder
instanceKlass java/util/ImmutableCollections$MapN$MapNIterator
instanceKlass java/lang/StrictMath
instanceKlass java/lang/invoke/MethodHandles$Lookup
instanceKlass java/lang/invoke/MemberName$Factory
instanceKlass java/lang/invoke/MethodHandles
instanceKlass java/lang/module/ModuleDescriptor
instanceKlass jdk/internal/module/ModuleBootstrap
instanceKlass jdk/internal/misc/Blocker
instanceKlass java/lang/Character$CharacterCache
instanceKlass java/util/concurrent/locks/AbstractQueuedSynchronizer$ConditionObject
instanceKlass java/util/concurrent/locks/Condition
instanceKlass java/util/HexFormat
instanceKlass jdk/internal/util/ClassFileDumper
instanceKlass sun/security/action/GetPropertyAction
instanceKlass java/lang/invoke/MethodHandleStatics
instanceKlass java/util/Collections
instanceKlass java/lang/Thread$ThreadIdentifiers
instanceKlass sun/io/Win32ErrorMode
instanceKlass jdk/internal/misc/OSEnvironment
instanceKlass java/lang/Integer$IntegerCache
instanceKlass jdk/internal/misc/Signal$NativeHandler
instanceKlass java/util/Hashtable$Entry
instanceKlass jdk/internal/misc/Signal
instanceKlass java/lang/Terminator$1
instanceKlass jdk/internal/misc/Signal$Handler
instanceKlass java/lang/Terminator
instanceKlass java/nio/ByteOrder
instanceKlass java/nio/Buffer$2
instanceKlass jdk/internal/access/JavaNioAccess
instanceKlass java/nio/Buffer$1
instanceKlass jdk/internal/misc/ScopedMemoryAccess
instanceKlass java/nio/charset/CodingErrorAction
instanceKlass sun/nio/cs/SingleByte
instanceKlass java/lang/StringUTF16
instanceKlass sun/nio/cs/MS1252$Holder
instanceKlass java/nio/charset/CharsetEncoder
instanceKlass sun/nio/cs/ArrayEncoder
instanceKlass java/io/Writer
instanceKlass java/io/PrintStream$1
instanceKlass jdk/internal/access/JavaIOPrintStreamAccess
instanceKlass jdk/internal/misc/InternalLock
instanceKlass java/io/OutputStream
instanceKlass java/io/Flushable
instanceKlass java/io/FileDescriptor$1
instanceKlass jdk/internal/access/JavaIOFileDescriptorAccess
instanceKlass java/io/FileDescriptor
instanceKlass jdk/internal/util/StaticProperty
instanceKlass jdk/internal/reflect/MethodHandleAccessorFactory
instanceKlass java/lang/reflect/Modifier
instanceKlass java/lang/Class$1
instanceKlass java/lang/Class$Atomic
instanceKlass java/lang/Class$ReflectionData
instanceKlass java/nio/charset/StandardCharsets
instanceKlass sun/nio/cs/HistoricallyNamedCharset
instanceKlass java/nio/charset/spi/CharsetProvider
instanceKlass java/nio/charset/Charset
instanceKlass java/util/HashMap$HashIterator
instanceKlass java/util/concurrent/locks/LockSupport
instanceKlass java/util/concurrent/ConcurrentHashMap$Node
instanceKlass java/util/concurrent/ConcurrentHashMap$CounterCell
instanceKlass java/util/concurrent/locks/ReentrantLock
instanceKlass java/util/concurrent/locks/Lock
instanceKlass java/lang/CharacterData
instanceKlass java/util/Arrays
instanceKlass jdk/internal/util/Preconditions$3
instanceKlass jdk/internal/util/Preconditions$2
instanceKlass jdk/internal/util/Preconditions$4
instanceKlass java/util/function/BiFunction
instanceKlass jdk/internal/util/Preconditions$1
instanceKlass java/util/function/Function
instanceKlass jdk/internal/util/Preconditions
instanceKlass java/lang/Runtime
instanceKlass java/lang/VersionProps
instanceKlass java/lang/StringConcatHelper
instanceKlass java/util/HashMap$Node
instanceKlass java/util/Map$Entry
instanceKlass jdk/internal/util/ArraysSupport
instanceKlass jdk/internal/util/SystemProps$Raw
instanceKlass jdk/internal/util/SystemProps
instanceKlass java/lang/System$2
instanceKlass jdk/internal/access/JavaLangAccess
instanceKlass java/lang/ref/NativeReferenceQueue$Lock
instanceKlass java/lang/ref/ReferenceQueue
instanceKlass java/lang/ref/Reference$1
instanceKlass jdk/internal/access/JavaLangRefAccess
in 4 7 0 java/util/ArrayList grow (I)[Ljava/lang/Object; 5 27 0 jdk/internal/util/ArraysSupport newLength (III)I 5 37 0 java/util/Arrays copyOf ([Ljava/lang/Object;I)[Ljava/lang/Object; 1 166 0 java/lang/String length ()I 2 6 0 java/lang/String coder ()B 1 169 0 java/lang/String substring (II)Ljava/lang/String; 2 1 0 java/lang/String length ()I 3 6 0 java/lang/String coder ()B 2 8 0 java/lang/String checkBoundsBeginEnd (III)V 3 6 0 jdk/internal/util/Preconditions checkFromToIndex (IIILjava/util/function/BiFunction;)I 2 28 0 java/lang/String isLatin1 ()Z 2 41 0 java/lang/StringLatin1 newString ([BII)Ljava/lang/String; 3 16 0 java/util/Arrays copyOfRange ([BII)[B 4 13 0 java/util/Arrays copyOfRangeByte ([BII)[B 5 2 0 java/util/Arrays checkLength (II)V 3 20 0 java/lang/String <init> ([BB)V 4 1 0 java/lang/Object <init> ()V 1 172 0 java/util/ArrayList add (Ljava/lang/Object;)Z 2 20 0 java/util/ArrayList add (Ljava/lang/Object;[Ljava/lang/Object;I)V 3 7 0 java/util/ArrayList grow ()[Ljava/lang/Object; 4 7 0 java/util/ArrayList grow (I)[Ljava/lang/Object; 5 27 0 jdk/internal/util/ArraysSupport newLength (III)I 5 37 0 java/util/Arrays copyOf ([Ljava/lang/Object;I)[Ljava/lang/Object; 1 178 0 java/util/ArrayList size ()I 1 198 0 java/util/ArrayList get (I)Ljava/lang/Object; 2 5 0 java/util/Objects checkIndex (II)I 2 11 0 java/util/ArrayList elementData (I)Ljava/lang/Object; 1 204 0 java/lang/String isEmpty ()Z 1 228 0 java/util/ArrayList subList (II)Ljava/util/List; 2 6 0 java/util/AbstractList subListRangeCheck (III)V 2 16 0 java/util/ArrayList$SubList <init> (Ljava/util/ArrayList;II)V 3 1 0 java/util/AbstractList <init> ()V 4 1 0 java/util/AbstractCollection <init> ()V 5 1 0 java/lang/Object <init> ()V 1 233 0 java/util/ArrayList$SubList toArray ([Ljava/lang/Object;)[Ljava/lang/Object; 2 1 0 java/util/ArrayList$SubList checkForComodification ()V
